Time,capacity_factor,氣溫(℃),相對溼度(%),降水量(mm),日照時數(hour),日照率(%),全天空日射量(MJ/㎡),日最高紫外線指數(0~15),總雲量(0~10)
2019/5/1,0.0634,22.7804,84.482,38.3395,4.8292,3.9912,7.3601,3.1311,9.226
2019/5/2,0.0102,19.9805,83.6087,32.8026,0.9066,0.1155,1.6884,1.7985,9.8684
2019/5/3,0.0012,21.8482,75.6498,1.4672,6.6985,31.7955,15.7927,6.6475,7.3388
2019/5/4,0.1334,24.0811,78.9334,0.0459,6.1547,39.6417,19.4749,7.9645,4.5932
2019/5/5,0.0706,23.9197,84.9596,1.475,5.8175,8.4108,11.6892,5.8931,9.2053
2019/5/6,0.0291,20.9073,95.5217,21.2413,2.7557,0.0053,4.5311,2.9872,9.9773
2019/5/7,0.0809,19.765,86.2476,2.7204,3.5877,0.5056,7.8892,4.4714,9.893
2019/5/8,0.0749,21.7531,89.0171,0.4501,3.9682,2.3351,8.7599,6.635,9.8899
2019/5/9,0.0575,22.3017,94.1396,12.7146,4.1691,1.4631,9.017,5.3151,9.7541
2019/5/10,0.129,23.7153,88.872,6.8399,7.9126,32.8745,16.2695,7.5042,7.0792
2019/5/11,0.1867,24.7547,85.0224,0.0072,11.001,77.8539,25.0026,9.994,2.4034
2019/5/12,0.1782,25.9169,87.0787,0.2886,10.3142,65.8619,23.4826,10.495,4.1661
2019/5/13,0.147,26.7739,82.2046,0.0018,10.5615,72.2654,24.6794,9.1353,2.6096
2019/5/14,0.0976,27.5525,82.3218,0.0,10.8811,77.249,24.1902,10.8591,2.7885
2019/5/15,0.0674,28.251,82.8339,0.1503,9.8824,58.4779,21.7361,9.0173,5.4789
2019/5/16,0.0574,28.2523,86.3997,0.3111,5.9685,19.8106,12.3317,8.0796,8.3157
2019/5/17,0.0393,27.6188,88.1612,9.618,4.433,8.0718,9.2647,7.2004,9.5381
2019/5/18,0.0514,27.666,92.2291,11.1175,4.9026,3.7393,9.6308,5.5564,9.7177
2019/5/19,0.0971,28.1943,90.1383,6.2319,7.1671,25.7716,14.2584,9.9967,7.9125
2019/5/20,0.0362,25.4663,90.8467,18.5746,2.0002,5.0621,5.1481,3.5136,9.7282
2019/5/21,0.0453,23.1833,71.9601,0.3314,4.4361,4.5834,8.7176,4.4967,9.5954
2019/5/22,0.0655,24.2309,75.948,0.4755,5.3,11.6361,11.8203,6.2713,8.0339
2019/5/23,0.0298,23.7444,87.3765,4.392,3.8086,5.6832,9.174,4.8075,9.4084
2019/5/24,0.1139,26.4732,83.0882,0.0131,7.1223,34.0674,19.4164,6.71,7.5062
2019/5/25,0.1036,26.7655,84.7402,0.0,7.1854,27.4855,19.4348,7.9403,7.4137
2019/5/26,0.1137,27.4985,81.7591,0.02,7.6947,35.1567,17.9791,7.7139,7.8757
2019/5/27,0.0629,27.4207,88.3661,4.8899,5.2502,8.5768,11.3929,6.6931,8.8981
2019/5/28,0.0361,25.5526,90.6258,23.1863,4.654,15.5799,7.3079,5.7003,8.7925
2019/5/29,0.0902,23.2842,77.2625,0.0,5.3847,4.4222,14.4491,7.6268,9.2669
2019/5/30,0.1665,25.5688,78.4179,0.0,10.5613,65.4793,23.5569,10.2005,4.2623
2019/5/31,0.2319,27.7544,82.6397,0.0604,9.7893,72.317,23.5516,10.9058,4.2105
2019/6/1,0.2177,27.7018,85.249,5.2702,7.03,40.3804,19.1956,8.9992,7.9583
2019/6/2,0.2125,28.4006,81.9776,11.8247,7.7699,41.6545,21.1347,10.65,6.9689
2019/6/3,0.1098,28.4248,78.652,0.121,7.1336,13.7842,12.2722,6.1497,8.3827
2019/6/4,0.1065,26.4053,86.8133,19.0937,4.4303,11.1526,8.0235,5.6261,8.1989
2019/6/5,0.2514,28.1317,81.5658,2.6483,11.108,73.5852,23.6363,11.1071,4.4899
2019/6/6,0.2303,28.871,80.4411,0.0,9.1882,59.4025,22.6858,11.4492,5.7704
2019/6/7,0.233,29.0255,80.6397,0.0,10.0433,63.5014,23.783,10.7453,6.122
2019/6/8,0.1966,28.6227,82.0531,0.0,8.1416,36.5913,17.9699,8.4453,7.8098
2019/6/9,0.1681,29.1527,77.6972,0.0,7.5786,31.752,17.4634,10.2129,7.7963
2019/6/10,0.0726,27.3467,85.9994,16.4084,4.119,6.3039,7.5645,4.575,9.2468
2019/6/11,0.0618,26.2974,93.1609,47.8852,1.6087,1.6144,4.5977,3.0586,9.875
2019/6/12,0.0352,24.5539,98.238,86.8317,0.518,0.1539,3.2242,2.0943,9.9754
2019/6/13,0.1019,26.9973,90.4682,12.7767,4.6716,2.0755,10.7575,6.723,9.8161
2019/6/14,0.1377,25.6265,88.0348,26.1905,4.2463,18.013,11.8033,6.6288,8.6111
2019/6/15,0.2776,26.3579,72.3849,0.0,11.5149,82.2679,27.4199,10.9624,2.5674
2019/6/16,0.2394,26.9881,79.3528,4.3426,9.5525,59.0599,22.6071,10.4837,5.9902
2019/6/17,0.235,27.9888,84.0031,6.393,7.8089,39.5767,20.8281,10.4,7.2189
2019/6/18,0.1955,29.3989,80.6951,0.7329,8.6405,48.0762,21.081,11.8812,7.5515
2019/6/19,0.2546,29.562,79.6135,0.0137,11.6214,82.7071,25.4792,11.6823,4.4693
2019/6/20,0.2537,29.2042,83.8722,0.0001,10.3371,72.2148,24.8746,11.75,4.3435
2019/6/21,0.2497,29.5671,80.1559,0.0,10.937,79.9327,25.2093,12.4,4.8526
2019/6/22,0.1971,29.9132,76.506,0.1195,7.4016,28.9314,18.6401,7.6991,8.0254
2019/6/23,0.0488,27.3208,88.6022,29.3097,3.7676,2.9532,5.3167,5.3755,9.8014
2019/6/24,0.0563,25.6492,95.4586,36.9175,3.5331,0.0,5.0976,4.3883,9.663
2019/6/25,0.1613,27.5416,80.0027,0.6657,6.0068,19.9785,14.7227,7.1309,8.7407
2019/6/26,0.1295,27.1842,84.9799,0.5258,5.8167,17.849,13.7085,8.45,8.2105
2019/6/27,0.1423,28.19,84.5012,4.7772,7.7126,39.1831,15.5193,9.2,6.3245
2019/6/28,0.2645,29.8452,82.7954,0.0,10.7203,77.1978,23.9956,11.0304,3.9831
2019/6/29,0.2264,29.8972,82.2067,0.9883,9.1648,58.6866,20.7776,9.8813,5.9951
2019/6/30,0.2222,29.2711,83.4215,22.8507,8.9992,58.6707,20.1936,11.2554,5.1995
2019/7/1,0.2319,29.7614,80.2117,0.0,9.1164,51.4434,22.5591,11.6339,6.286
2019/7/2,0.1996,29.6513,76.7315,0.8794,5.8528,24.6224,17.608,9.1368,8.8324
2019/7/3,0.0766,26.6257,88.2946,18.6443,5.0054,0.4894,8.1789,6.1757,9.7917
2019/7/4,0.1318,28.624,79.094,4.7741,6.4668,22.977,13.5959,8.8414,8.6516
2019/7/5,0.1544,28.426,79.8485,6.2382,6.7626,33.1135,15.9578,7.8329,8.1246
2019/7/6,0.0532,27.9619,83.6495,8.1403,5.9985,6.6286,7.6202,6.3058,9.1555
2019/7/7,0.2238,29.5784,77.7842,0.0853,8.4802,45.6124,21.3621,11.3737,7.1587
2019/7/8,0.2333,29.9696,76.0101,0.0013,8.4571,55.156,22.3192,9.9,6.9929
2019/7/9,0.1829,29.1825,79.0929,3.2242,6.8588,22.1837,14.8458,9.7202,8.0756
2019/7/10,0.169,28.527,83.2825,29.2171,7.8975,29.6658,14.8206,7.2135,8.1785
2019/7/11,0.1373,28.4296,82.1718,6.9907,6.0618,20.6378,14.4843,8.0887,8.0074
2019/7/12,0.2378,29.5355,79.9029,0.2782,9.32,63.0012,24.3074,12.2,4.7766
2019/7/13,0.2213,29.9793,75.7814,0.1226,10.16,70.6048,24.2051,10.7211,4.6722
2019/7/14,0.214,29.5933,78.8196,0.0,10.0568,67.4283,24.2548,12.5517,5.0341
2019/7/15,0.2263,30.0293,78.9571,0.0,9.9275,68.9207,24.3224,11.7235,5.5774
2019/7/16,0.2271,29.8151,82.7762,0.0,10.0439,65.5887,22.7146,10.6306,4.9299
2019/7/17,0.2255,30.878,76.8356,0.0002,11.3297,58.9395,24.6303,11.65,3.1355
2019/7/18,0.1012,29.2648,82.9597,18.6522,5.2271,12.375,10.1625,7.9,9.0725
2019/7/19,0.1275,29.1542,82.9797,0.282,6.287,19.2938,13.0931,7.1054,8.4157
2019/7/20,0.1253,28.7296,77.9054,0.7679,6.5213,23.5879,13.6154,5.937,8.3769
2019/7/21,0.1635,29.2691,74.5281,0.6224,6.5776,35.8654,18.4988,9.7276,8.0778
2019/7/22,0.1898,28.6481,79.0484,7.4998,6.6209,32.2303,17.4208,8.9757,7.2248
2019/7/23,0.2016,28.6206,81.4455,0.1841,8.6684,63.5772,20.7662,11.9705,4.482
2019/7/24,0.2296,29.2029,78.6755,0.1909,9.5511,66.4682,21.9371,12.1383,4.8155
2019/7/25,0.2207,29.6802,78.5443,0.0,9.7529,69.7309,22.0141,10.7684,6.8131
2019/7/26,0.2249,30.0618,78.0778,0.0,9.4049,65.0302,22.4782,11.5361,5.9307
2019/7/27,0.1834,28.6746,84.1416,9.5413,8.0131,53.6271,19.1173,10.2473,5.4592
2019/7/28,0.1965,28.5055,84.4403,16.0647,8.2163,56.4693,19.6933,10.6501,6.2667
2019/7/29,0.242,29.6166,80.3672,0.0004,10.6261,71.0378,24.3409,12.1268,3.4635
2019/7/30,0.2267,30.09,81.5161,0.0,10.2823,73.8976,23.8827,11.1862,3.2493
2019/7/31,0.2375,30.142,79.0938,1.4658,10.3719,63.7357,21.7802,9.661,4.1383
2019/8/1,0.1615,29.2871,80.7837,18.8618,7.4234,27.4423,14.7823,5.6607,8.1893
2019/8/2,0.2003,28.9372,80.176,37.7402,8.1842,51.4148,19.9117,6.7295,5.446
2019/8/3,0.2243,29.3308,78.2372,0.362,9.5745,66.6998,21.3138,9.2214,5.7672
2019/8/4,0.2325,30.1344,79.6167,0.0,9.4229,63.65,22.3544,11.6,4.6417
2019/8/5,0.2006,30.1855,80.6536,0.0275,7.9246,49.9867,18.2405,11.3,6.3593
2019/8/6,0.2214,30.2044,76.9703,0.0148,8.4936,55.4953,20.2751,7.762,5.2407
2019/8/7,0.2086,30.0595,79.9243,0.6052,8.8586,59.2817,19.8751,10.15,6.3532
2019/8/8,0.1899,29.3012,83.6933,5.6283,7.9796,42.2516,18.2314,9.8,6.6832
2019/8/9,0.128,28.8894,83.7136,16.776,4.8412,8.7535,10.3531,7.899,8.9877
2019/8/10,0.1261,30.0231,85.5249,0.0947,6.4988,13.969,10.8433,6.9573,9.2534
2019/8/11,0.1453,29.6395,85.1352,6.0963,7.1103,14.2913,9.8743,5.5911,8.6621
2019/8/12,0.0461,28.0798,92.0852,14.4329,5.1838,5.2202,5.6286,4.6539,9.1023
2019/8/13,0.049,26.8164,90.9977,83.2722,3.9215,8.583,6.2168,4.6556,8.7932
2019/8/14,0.2019,29.1038,84.2357,3.408,8.8179,58.2065,20.4129,10.85,5.1407
2019/8/15,0.0762,27.0741,92.6532,89.2146,4.322,12.825,8.3373,5.7734,9.2079
2019/8/16,0.129,27.5946,88.4311,39.4462,5.1961,17.8902,13.5135,6.95,8.4849
2019/8/17,0.2015,28.0745,85.3893,59.3793,6.6474,36.2502,15.9465,7.1478,6.4837
2019/8/18,0.104,26.9323,88.5516,31.8966,4.7514,16.8531,10.4144,7.1965,9.0765
2019/8/19,0.0731,26.0521,91.32,11.4216,3.8674,7.6122,8.7631,6.5639,9.4429
2019/8/20,0.1637,27.5738,85.9216,0.4414,5.751,21.8199,15.225,7.138,8.1514
2019/8/21,0.1243,27.6084,87.8843,0.1479,5.8942,11.2609,13.2194,7.2251,9.2243
2019/8/22,0.2329,29.1937,85.2166,0.0,9.4483,70.2238,21.3197,10.0192,3.9611
2019/8/23,0.2141,29.99,81.6204,0.0088,8.9808,58.9467,22.1162,10.95,3.6894
2019/8/24,0.0518,28.7006,84.529,0.7027,2.792,10.5138,4.5328,5.4,9.3294
2019/8/25,0.0885,27.9569,83.8377,7.0431,4.9918,10.8887,10.9112,7.5322,9.2077
2019/8/26,0.1803,28.9397,85.5564,0.372,8.8316,62.4892,19.4088,9.54,4.9556
2019/8/27,0.2288,28.9859,85.2601,0.0,9.8846,73.8019,21.0663,10.1412,3.6082
2019/8/28,0.1088,29.2564,84.2277,0.0,10.5545,81.2382,23.5377,10.6858,1.883
2019/8/29,0.0898,29.5674,81.0962,0.0,7.9744,41.0571,18.5102,8.6018,6.2986
2019/8/30,0.0808,28.5868,87.6253,5.712,5.6436,23.9901,14.826,9.35,8.146
2019/8/31,0.1518,29.1247,82.4058,0.0,9.4482,70.1567,21.5079,9.569,4.0398
2019/9/1,0.2073,28.484,84.8467,21.7753,8.4232,61.3587,20.8726,9.3405,4.9121
2019/9/2,0.2344,29.0107,80.7886,0.5722,11.2534,85.8754,23.2122,10.9082,2.7218
2019/9/3,0.225,29.1982,81.4437,0.0,8.8168,56.0133,19.2314,8.1596,6.537
2019/9/4,0.143,27.6605,84.4491,23.0624,4.5171,19.4007,10.5493,7.2453,8.6506
2019/9/5,0.2084,27.7702,84.0354,2.858,5.9026,38.353,15.4733,8.7358,7.473
2019/9/6,0.2394,28.8305,79.551,0.3617,9.2307,64.0403,22.9263,10.4408,4.8121
2019/9/7,0.2043,28.9351,80.2877,0.0,9.261,69.0263,20.2082,9.3648,5.8951
2019/9/8,0.2259,29.0954,79.1566,1.6598,10.5399,75.2293,20.6629,9.6957,2.6228
2019/9/9,0.2104,29.3504,78.4088,0.8009,10.048,67.2589,20.7423,6.732,5.5015
2019/9/10,0.2014,29.2535,80.1516,0.0294,6.9926,31.1044,18.0451,8.4239,6.0143
2019/9/11,0.2158,29.1436,79.9185,0.0004,10.0078,81.8745,22.0615,10.3581,2.5526
2019/9/12,0.2152,29.6466,82.0081,0.0,9.347,68.9367,20.5002,10.65,3.7224
2019/9/13,0.191,29.3814,78.4443,0.0,9.0114,63.2767,19.4015,7.9452,4.1386
2019/9/14,0.2223,28.7115,75.3477,0.0,8.5772,69.0784,19.4881,9.3891,4.7286
2019/9/15,0.1927,28.1907,78.4042,0.0093,9.4648,53.234,19.5267,7.445,4.9481
2019/9/16,0.2,27.7704,75.404,1.3177,5.0691,37.4525,11.0921,8.05,6.3825
2019/9/17,0.2121,27.3749,71.032,0.0,8.4283,69.2269,19.9986,8.5213,4.8119
2019/9/18,0.2315,27.2367,67.9509,0.0058,10.4913,77.7211,22.4965,10.0705,2.0448
2019/9/19,0.2151,26.3091,65.0732,0.0006,10.0771,75.4879,21.9353,8.7528,4.0669
2019/9/20,0.1647,24.8986,72.4563,0.0601,6.6029,55.9969,13.8258,8.5481,6.2613
2019/9/21,0.1436,24.6479,69.131,0.0286,7.1425,32.5153,17.0861,6.8332,6.8024
2019/9/22,0.1938,25.8061,66.5557,0.0003,8.9665,59.788,19.3188,7.2672,3.6851
2019/9/23,0.2123,25.5919,66.5246,0.0,10.0976,74.4382,21.1359,7.8014,3.1859
2019/9/24,0.2127,25.3768,68.7644,0.0031,9.8933,79.4091,20.5341,8.1311,3.308
2019/9/25,0.2175,25.2154,67.4961,0.0,10.1954,79.6848,21.788,8.4646,1.7649
2019/9/26,0.2182,25.7779,76.3112,0.0,10.364,80.2393,21.2171,8.1091,2.6845
2019/9/27,0.218,26.5587,83.5579,0.0003,8.8742,55.0312,18.5978,8.4562,5.4461
2019/9/28,0.1861,26.9059,84.8216,0.0083,8.9827,59.749,19.6614,7.5005,5.3546
2019/9/29,0.1992,27.2068,85.8119,0.0437,8.5955,57.7614,18.6332,9.75,6.3291
2019/9/30,0.1,26.7352,81.1495,0.5972,4.232,2.8561,10.0462,4.65,9.6241
2019/10/1,0.1753,27.6216,73.2637,5.7513,8.1577,55.4396,16.9192,10.0249,6.3471
2019/10/2,0.2123,28.0037,78.5116,0.0,9.638,76.8586,20.6159,8.1865,1.7598
2019/10/3,0.2018,28.2313,83.4571,0.0,8.2767,63.7405,17.8557,7.2587,3.9148
2019/10/4,0.2018,27.5559,85.6637,0.0,8.699,64.2044,18.2013,6.5547,4.7177
2019/10/5,0.2003,27.7621,81.9273,0.0001,7.8069,55.7027,17.5976,6.4973,5.8466
2019/10/6,0.1647,27.6442,81.9946,0.0,7.2894,32.04,15.018,6.7598,6.2006
2019/10/7,0.1916,27.2851,83.8553,0.0,8.5918,63.44,18.3123,7.1565,3.8852
2019/10/8,0.1785,27.033,78.3032,0.0003,7.8726,51.5733,16.8087,7.9,4.8852
2019/10/9,0.188,26.7428,74.9299,0.0,8.5445,49.1357,16.4231,5.8973,3.5201
2019/10/10,0.2111,25.8883,74.7442,0.4,9.9535,81.5121,19.4627,7.4563,1.1352
2019/10/11,0.218,25.5563,79.421,0.1582,9.0704,79.4271,19.2591,7.4881,1.0959
2019/10/12,0.1928,26.6148,80.371,0.0,8.387,61.6863,17.5556,5.742,4.074
2019/10/13,0.2083,26.2301,75.1296,0.0,9.7049,78.0693,18.8567,6.4385,1.5113
2019/10/14,0.1946,25.5106,63.6034,0.0,7.5988,56.4904,16.275,7.4524,4.76
2019/10/15,0.1954,24.786,58.0988,0.004,9.2079,76.3662,17.9789,7.1614,2.5488
2019/10/16,0.2013,23.9853,69.968,0.0,9.4305,78.5504,18.7575,7.2513,1.7532
2019/10/17,0.2011,24.3572,67.6811,0.0,9.7812,75.8725,19.0235,7.3091,1.8271
2019/10/18,0.2078,23.9936,63.3876,0.0814,9.9744,88.5337,19.6713,7.1661,0.9249
2019/10/19,0.1775,23.6726,72.9447,0.0004,8.1925,65.75,17.0591,6.1925,2.7973
2019/10/20,0.1968,23.4437,66.7313,0.0,8.9691,72.8598,18.1123,6.9658,3.0556
2019/10/21,0.0993,23.4147,67.937,0.0096,7.9589,54.8102,15.7896,6.2418,5.1064
2019/10/22,0.0988,23.6501,71.0822,0.0,9.3704,77.748,17.4264,6.8714,2.6444
2019/10/23,0.0945,24.0052,73.996,0.0,7.61,79.5532,15.8036,6.5378,2.6742
2019/10/24,0.0885,24.1311,71.5482,0.0,8.8151,75.0631,17.1683,6.9039,4.0508
2019/10/25,0.0845,24.1136,69.8604,0.0,9.0478,73.6651,16.6971,5.651,3.3479
2019/10/26,0.1766,23.947,71.4361,0.0,9.2434,71.5652,16.8018,6.0944,1.6672
2019/10/27,0.1617,23.7655,78.5427,0.0003,9.2769,74.8281,16.7299,6.6,3.3338
2019/10/28,0.1544,23.6615,85.4384,0.0067,7.1344,62.4099,14.7776,6.1312,4.9796
2019/10/29,0.1084,22.9047,80.352,0.5202,6.3456,37.3535,11.9809,6.1077,6.0024
2019/10/30,0.1752,23.7509,76.9061,0.0004,8.6717,73.3442,17.3572,7.0972,5.2396
2019/10/31,0.1497,24.1892,83.9869,0.0,8.0751,60.0882,15.0411,5.6748,4.2882
2019/11/1,0.1707,24.8718,80.4203,0.0,8.8789,58.294,15.8596,5.1286,3.1696
2019/11/2,0.1593,24.4472,78.0416,0.0,7.44,56.1966,14.4185,6.3153,4.64
2019/11/3,0.1628,24.2723,79.9009,0.0,7.3144,52.1842,14.4089,5.7073,6.0653
2019/11/4,0.1177,23.2511,71.3143,0.0,6.2812,21.4119,12.0898,4.8446,8.7744
2019/11/5,0.1807,23.0528,69.6666,0.001,9.3101,83.9305,17.2509,6.1939,2.766
2019/11/6,0.1725,23.3441,68.6531,0.0005,9.2886,68.2161,16.5378,6.1771,1.8057
2019/11/7,0.1714,23.3575,71.1099,0.0006,9.3314,84.971,16.7282,5.8961,4.1631
2019/11/8,0.1785,22.7362,68.2594,0.0021,9.5583,88.2061,17.5046,6.2772,1.6095
2019/11/9,0.1762,21.2888,63.9769,0.0,9.6047,90.5748,17.3584,6.3491,1.4777
2019/11/10,0.1668,20.9411,68.3401,0.0,9.138,82.1123,16.4087,5.7963,1.6102
2019/11/11,0.1675,21.7689,70.4398,0.0008,8.9289,79.42,16.7089,5.6531,1.0545
2019/11/12,0.1599,21.7302,77.1274,0.0017,9.3233,85.728,16.0441,5.7636,0.5288
2019/11/13,0.1538,22.3787,76.8754,0.0056,8.715,80.13,16.0166,4.9029,0.6703
2019/11/14,0.1334,21.6942,66.3,0.0006,8.3215,68.4421,14.5562,5.0986,2.4162
2019/11/15,0.1542,21.5087,71.53,0.0,8.1525,67.1114,14.721,5.3992,2.6783
2019/11/16,0.1511,21.8487,77.6687,0.0041,8.5635,76.4351,15.1014,5.1429,1.3926
2019/11/17,0.1608,22.4438,84.0668,0.0,9.4349,91.058,16.1463,5.5538,1.5436
2019/11/18,0.1264,22.1798,83.4188,0.0003,7.8046,62.7793,13.1433,4.8222,4.0969
2019/11/19,0.0796,19.8025,70.6462,0.0001,4.1,6.9434,7.7489,3.2732,8.642
2019/11/20,0.0803,20.4762,71.1104,0.0,4.303,20.5476,9.6847,4.65,7.9669
2019/11/21,0.1471,21.3636,80.3509,0.8688,7.8737,69.0284,14.2958,5.1856,4.0498
2019/11/22,0.1129,22.6078,86.8048,0.0165,7.2406,56.07,13.0516,5.2296,4.7462
2019/11/23,0.088,22.6618,89.9902,0.0027,5.7204,29.7634,10.7131,4.1318,6.7261
2019/11/24,0.1465,23.2411,85.1681,0.0019,8.9844,83.795,14.8135,5.209,1.6355
2019/11/25,0.1257,22.2891,80.2763,0.0024,7.3999,61.9883,13.0699,4.9336,4.8934
2019/11/26,0.1289,21.854,72.9481,0.0,7.2982,58.8228,13.8796,5.068,4.8702
2019/11/27,0.1337,21.6925,81.6331,0.0,7.9987,60.7274,14.2344,4.9113,4.8844
2019/11/28,0.1388,19.3726,75.0925,0.0002,8.2391,71.2513,14.4628,4.7386,3.8143
2019/11/29,0.1305,19.9302,65.7129,0.0,8.0215,67.2398,13.9377,5.4,4.0087
2019/11/30,0.1407,20.3853,82.5022,0.0029,8.6284,79.7935,14.6768,4.2755,2.6037
2019/12/1,0.1156,21.1164,83.351,0.0,8.2156,69.7963,14.2962,5.4241,3.607
2019/12/2,0.1403,17.7938,69.5223,0.0009,8.8698,83.4503,14.5157,4.8297,2.5
2019/12/3,0.1127,17.1442,59.443,0.0,7.9793,73.2213,12.4376,4.5307,6.3306
2019/12/4,0.0781,17.8396,63.0448,0.0154,3.8933,10.0535,8.3587,3.2862,8.9872
2019/12/5,0.0139,15.5508,87.8687,24.6392,0.3543,0.0534,1.8336,1.2875,9.966
2019/12/6,0.0315,15.7757,89.115,12.7605,1.7419,0.0223,2.9811,1.4185,9.9949
2019/12/7,0.1764,15.6838,71.6496,0.0102,7.4852,48.6219,12.7223,3.9453,5.9203
2019/12/8,0.1951,16.8338,57.023,0.0131,9.3096,89.8518,15.4134,5.4342,1.7975
2019/12/9,0.1183,16.7769,71.2159,0.0,6.3876,42.5064,11.6409,4.1457,6.2467
2019/12/10,0.1759,18.1741,81.0254,0.0,8.3314,78.3721,14.5627,5.2715,2.7745
2019/12/11,0.1758,18.722,80.3273,0.0,8.74,82.9147,13.5892,5.253,2.1198
2019/12/12,0.1831,18.5631,73.4524,0.0,9.1368,87.8983,14.6705,4.5163,0.6315
2019/12/13,0.1798,18.7239,81.8226,0.0,8.9331,85.2206,15.0184,5.3421,1.2168
2019/12/14,0.1845,19.3415,85.1837,0.0,9.2517,90.5219,15.1096,5.336,1.0382
2019/12/15,0.1785,19.7266,87.876,0.0,8.8305,83.575,14.9099,5.0844,1.845
2019/12/16,0.1788,20.1234,87.8095,0.004,9.1169,89.0466,15.3205,5.5318,0.5176
2019/12/17,0.1758,22.1664,76.6713,0.0,9.3165,91.3537,14.2575,5.397,1.038
2019/12/18,0.1564,20.8512,87.0158,0.0,7.9473,70.4927,13.8965,4.8182,2.4369
2019/12/19,0.0923,19.8878,86.4082,0.2133,5.7885,32.6024,9.3288,4.4872,7.871
2019/12/20,0.1065,19.4581,83.6751,0.0695,4.7827,20.3081,9.3445,3.5988,8.0549
2019/12/21,0.047,19.533,90.316,0.0187,4.3457,14.5306,8.0722,3.9398,8.1517
2019/12/22,0.1484,20.0108,88.8935,0.0,7.4622,61.7732,13.6951,4.337,6.0239
2019/12/23,0.1698,19.6151,84.2827,0.0018,8.9927,82.1386,14.5664,4.3079,3.4988
2019/12/24,0.1119,19.7237,88.2989,0.0057,6.2815,46.5024,11.4602,4.2081,4.4117
2019/12/25,0.1705,20.0368,85.797,0.0043,8.2351,77.472,14.1552,4.9204,4.2393
2019/12/26,0.1593,20.6168,83.1613,0.007,8.2897,73.2021,13.2863,5.2064,3.6358
2019/12/27,0.1694,16.5809,70.4792,0.0033,8.4167,70.1372,13.6293,4.9242,4.298
2019/12/28,0.1145,18.7369,78.3877,0.0071,5.7949,23.9567,10.2695,4.6,6.8024
2019/12/29,0.0062,18.4074,96.8456,59.9313,0.0244,0.0436,0.7545,1.0525,9.817
2019/12/30,0.0353,19.6893,95.5563,12.7049,2.8891,0.1521,3.2598,1.5201,9.9201
2019/12/31,0.1386,17.0677,82.0981,0.1169,5.8593,29.0488,10.6249,4.5672,8.0315
2020/1/1,0.1496,16.8837,81.0454,0.0009,6.1181,39.7727,10.6881,3.5477,6.9514
2020/1/2,0.189,17.74,84.8572,0.0003,8.8921,74.6153,14.2606,5.0515,2.4501
2020/1/3,0.1708,18.0111,89.3651,0.0,8.3979,73.9287,13.145,4.5702,2.8687
2020/1/4,0.1644,19.0227,91.3781,0.0045,7.7207,69.3467,13.7791,5.2565,3.6032
2020/1/5,0.1148,18.8895,93.5972,0.002,6.9915,59.8567,11.8728,5.65,5.0407
2020/1/6,0.0943,18.8906,93.0674,0.0003,4.5737,27.4578,8.8495,4.8441,7.5346
2020/1/7,0.1507,20.4958,85.3487,0.0032,6.9847,54.1484,14.1698,4.6223,4.7741
2020/1/8,0.1892,18.9548,77.717,0.0,9.2327,90.1228,15.5336,4.6577,0.7108
2020/1/9,0.1781,18.2964,78.6862,0.0019,7.6376,69.7908,14.0063,4.5848,4.4659
2020/1/10,0.1547,18.6777,87.4436,0.0,7.3207,55.7125,12.8377,4.6424,5.1876
2020/1/11,0.1517,18.876,87.9091,0.0,7.3912,58.3615,13.2383,4.3931,2.9219
2020/1/12,0.171,16.3704,79.017,0.0045,7.2917,57.5129,14.0504,4.2455,4.8091
2020/1/13,0.1778,16.9588,76.7836,0.0,8.2345,72.3375,14.3556,4.2989,4.4477
2020/1/14,0.1835,18.1989,82.0145,0.7135,8.9247,84.6987,15.258,4.7242,2.8916
2020/1/15,0.1696,17.7343,83.7528,0.0,8.2385,73.3081,14.9896,4.6946,1.7676
2020/1/16,0.181,18.8143,84.2106,0.0013,8.9692,84.179,15.5746,5.2909,3.2848
2020/1/17,0.1688,16.6997,81.0933,0.0022,6.4093,45.6509,13.0613,4.7068,3.1413
2020/1/18,0.1793,15.1701,75.2968,0.0035,8.3093,72.6047,14.6741,5.1218,4.2519
2020/1/19,0.1633,16.2859,79.9877,0.002,8.2709,73.7935,13.6321,4.8513,3.4005
2020/1/20,0.1606,16.2193,78.3385,0.0,8.1479,70.9424,15.0713,5.4499,2.4421
2020/1/21,0.1769,17.4623,78.4021,0.0,9.291,86.1847,15.6765,5.4967,2.3303
2020/1/22,0.1165,19.6147,86.8621,0.0,6.1374,42.6575,11.8576,5.1853,7.5345
2020/1/23,0.1666,21.5179,82.2032,0.0092,8.5026,69.9545,15.36,5.3273,3.6405
2020/1/24,0.0711,20.0144,92.4598,0.0,5.4894,33.1114,11.9861,4.6527,4.1431
2020/1/25,0.0941,19.2219,90.2848,0.0053,5.2969,25.7215,11.2776,4.6983,8.5969
2020/1/26,0.0497,17.6642,93.2708,20.8746,2.9983,1.5142,4.7627,2.7285,9.6571
2020/1/27,0.1717,16.3167,80.2105,0.0234,7.1214,50.6298,13.9024,4.851,7.3989
2020/1/28,0.0683,14.4635,76.2791,0.0008,2.6753,1.9698,5.2157,2.2073,9.0089
2020/1/29,0.1717,13.4448,67.9956,0.008,6.7229,35.1785,12.3897,4.8411,8.2417
2020/1/30,0.2244,12.8287,51.99,0.0,9.7812,89.0864,18.1076,6.486,1.5524
2020/1/31,0.2176,13.4956,53.4848,0.0,9.7644,92.8065,17.998,6.631,0.2925
2020/2/1,0.2082,13.7569,70.6649,0.0,9.4968,84.6827,17.0847,6.0556,1.3188
2020/2/2,0.1818,16.0215,74.6845,0.0,8.1801,67.9111,15.3508,5.8392,4.1178
2020/2/3,0.183,17.3425,82.3742,0.0,8.1983,67.9505,15.9204,6.0394,4.2983
2020/2/4,0.0193,16.9005,90.1456,0.5882,1.2272,5.1331,2.7542,2.0836,9.3566
2020/2/5,0.2151,16.9497,80.1679,0.905,8.7395,71.1009,16.6401,5.8938,3.9051
2020/2/6,0.1977,17.6443,83.3407,0.0006,8.6781,47.453,16.5324,5.9329,4.6844
2020/2/7,0.1363,16.817,85.6811,0.0249,6.1381,39.0614,13.4442,5.7279,4.8061
2020/2/8,0.1935,16.2598,74.4887,0.0058,9.2958,80.603,17.4687,6.1102,3.2867
2020/2/9,0.1158,15.5957,73.3843,0.0008,5.9664,35.0929,10.9454,4.7066,6.2946
2020/2/10,0.1866,16.5676,77.1188,0.0,9.3784,81.9933,17.4422,6.3874,3.9616
2020/2/11,0.0728,17.7204,90.2122,0.0108,4.4031,2.5925,7.6205,4.2941,9.343
2020/2/12,0.1395,20.2958,79.5146,0.0055,7.7155,58.7023,15.9862,6.6583,6.5485
2020/2/13,0.0567,21.4649,82.0814,0.0624,6.0956,44.6408,12.1546,6.044,6.8231
2020/2/14,0.0,21.283,89.5139,1.2609,6.2765,45.5944,12.2561,5.5693,6.6669
2020/2/15,0.0188,22.5426,87.4356,0.0528,7.7918,54.1719,14.8397,6.8683,6.6971
2020/2/16,0.0568,15.7345,85.9624,2.8471,2.7865,2.8192,4.2042,2.3305,8.8915
2020/2/17,0.2015,12.6394,56.774,0.0096,8.4971,58.9812,16.8964,5.1605,5.4717
2020/2/18,0.2065,14.3317,55.4856,0.0021,8.6618,65.0455,17.6631,6.2901,2.6703
2020/2/19,0.2143,15.3362,76.8135,0.0,9.847,87.4828,18.7498,6.5647,1.1796
2020/2/20,0.1648,17.8255,85.4443,0.0,8.7874,73.6371,16.7985,6.5,1.5515
2020/2/21,0.1176,17.7313,88.5265,0.0005,6.856,46.0692,13.7177,5.4948,2.5239
2020/2/22,0.1311,18.7082,86.36,0.0,7.8613,62.4651,16.5849,6.9358,4.1926
2020/2/23,0.2087,19.5114,80.7464,0.0,9.7594,78.7009,19.3714,6.6771,2.9401
2020/2/24,0.1438,19.2973,87.9655,0.0,7.1449,51.2173,16.7773,7.0652,3.1063
2020/2/25,0.2116,21.5746,81.8781,0.0032,10.0958,89.5775,20.2345,7.7654,1.1393
2020/2/26,0.2113,22.5247,81.9074,0.0,10.2132,90.8223,19.7702,7.5947,1.9993
2020/2/27,0.1987,20.5124,81.7439,0.0,9.2957,74.6675,19.3845,6.1425,4.2321
2020/2/28,0.1112,20.1263,86.9971,0.0012,6.7335,40.0542,13.657,5.5886,4.2421
2020/2/29,0.1544,22.3935,82.0332,0.0009,7.3181,44.2961,15.3832,6.8503,6.8731
2020/3/1,0.1469,22.1137,86.0665,0.0089,7.5518,55.4106,16.6552,6.3743,3.4007
2020/3/2,0.2152,19.0204,75.0396,0.0092,9.2034,73.095,19.492,6.15,3.8179
2020/3/3,0.2109,20.3184,79.104,0.0003,9.7876,83.8437,20.6073,7.3702,4.0487
2020/3/4,0.1126,19.4901,81.8719,0.0105,5.0474,20.8873,13.2901,6.0881,8.3965
2020/3/5,0.1073,16.0124,81.2497,2.9856,4.3684,7.4213,10.4312,5.9381,9.4143
2020/3/6,0.1477,18.995,81.2831,0.0,5.9618,28.6978,13.8602,6.2961,7.8653
2020/3/7,0.2149,21.8907,82.3188,0.0048,9.3343,76.331,19.8316,7.614,3.717
2020/3/8,0.1535,21.3028,90.3811,0.0017,7.3965,48.2787,15.8692,6.9558,5.3641
2020/3/9,0.2072,24.1023,84.6972,0.0226,9.9223,77.59,19.637,7.3659,5.4582
2020/3/10,0.1505,20.4547,81.7737,20.7116,5.9728,23.5954,10.6937,5.1702,7.9337
2020/3/11,0.1492,19.0173,65.5553,0.0,5.5386,25.5406,13.0126,5.4993,8.2681
2020/3/12,0.062,20.0018,83.9764,0.1682,4.106,10.5259,7.7966,4.9893,8.3729
2020/3/13,0.1182,21.6722,88.8574,0.1472,6.6711,32.3747,13.2392,5.701,8.0428
2020/3/14,0.0981,17.5088,76.9175,3.5529,4.6494,22.0148,8.6485,2.8832,9.2491
2020/3/15,0.2538,18.5242,57.6284,0.2683,10.4611,80.3667,22.496,8.3887,2.6155
2020/3/16,0.2377,19.9204,63.8983,0.0,10.3622,86.6274,21.8091,8.0184,2.9673
2020/3/17,0.217,20.6637,72.0674,0.1782,8.4108,64.6844,19.8351,6.7646,6.5537
2020/3/18,0.0894,21.4205,79.056,0.3167,4.5571,24.0456,9.2064,4.5852,7.9962
2020/3/19,0.0895,22.1413,88.1867,1.4893,4.5441,10.7914,9.7005,4.6211,9.2609
2020/3/20,0.1473,21.9345,85.2749,0.0016,6.7556,29.8024,14.0622,5.0314,8.3051
2020/3/21,0.1631,22.9246,87.4734,0.0,9.0156,66.5114,18.5382,4.8737,4.5
2020/3/22,0.1943,24.4654,84.3423,0.0,9.0893,69.451,17.96,7.7,4.8319
2020/3/23,0.2031,23.2924,84.4437,0.0109,9.2379,65.6531,18.5681,6.7325,4.7129
2020/3/24,0.2122,22.7282,80.0215,0.0,9.1018,57.0694,18.8447,6.75,5.2113
2020/3/25,0.1484,22.9589,88.4792,0.0,6.521,32.3075,17.263,7.5844,5.1864
2020/3/26,0.2273,25.5932,80.2521,0.0038,9.9371,79.862,21.6198,8.6794,4.4449
2020/3/27,0.1849,25.8793,84.3952,0.01,8.5438,60.3003,19.6718,7.9468,4.701
2020/3/28,0.1172,20.5244,83.3153,2.2874,6.3807,29.1933,13.3975,6.3292,6.831
2020/3/29,0.2083,19.3907,73.5702,0.0033,7.8189,51.7776,19.3641,7.9505,7.287
2020/3/30,0.0677,20.7691,85.4788,0.0848,4.0522,9.7251,7.6129,4.5569,8.1417
2020/3/31,0.1661,21.8657,85.209,0.0186,7.1462,37.1472,16.2938,6.0709,7.84
2020/4/1,0.1813,20.2155,79.5476,0.0596,8.4964,51.2303,18.0637,5.6609,6.9417
2020/4/2,0.0937,19.7659,85.7449,6.9881,3.4571,7.6889,7.73,4.5143,9.5778
2020/4/3,0.1186,20.6889,85.7382,0.5195,5.4686,22.1633,12.8476,5.5746,8.5886
2020/4/4,0.1474,19.8021,78.5016,0.0185,6.4763,18.2181,14.7168,6.0608,7.5322
2020/4/5,0.0603,17.9574,74.932,1.2762,3.7821,5.432,6.5662,3.5242,8.5725
2020/4/6,0.0582,18.1396,83.9968,11.565,2.8485,0.1917,5.2817,3.107,9.8475
2020/4/7,0.2499,18.5785,81.7005,3.4262,9.2489,56.2577,21.8347,7.3256,6.0545
2020/4/8,0.2193,20.1112,75.1781,0.001,8.6835,57.1259,20.0564,7.1313,6.0755
2020/4/9,0.2435,21.2618,74.1793,0.0584,9.738,61.1813,22.4212,7.6082,4.7547
2020/4/10,0.2401,21.6388,79.9939,0.0028,9.972,70.8697,22.8357,8.7468,3.9276
2020/4/11,0.066,20.6602,90.6616,2.8146,4.4837,14.7232,7.9033,3.6163,6.7558
2020/4/12,0.2595,18.1961,69.1189,1.481,9.8048,67.7015,23.4365,8.8577,5.1249
2020/4/13,0.279,18.1588,49.7775,0.0296,10.2836,93.4353,25.6221,9.5816,0.9291
2020/4/14,0.1572,19.6212,66.4843,0.0034,7.4383,24.5413,13.6226,6.1135,6.737
2020/4/15,0.2278,21.9642,68.5413,0.0001,9.3995,67.9456,23.1136,9.0733,4.0742
2020/4/16,0.2558,22.0111,72.9673,0.0,11.049,90.0473,24.977,8.6999,2.6199
2020/4/17,0.2519,23.1568,77.0942,0.0,10.9549,85.9216,24.7918,9.1685,2.1134
2020/4/18,0.1924,24.987,80.6031,0.0,9.381,71.8051,20.2857,7.9445,5.3875
2020/4/19,0.1748,26.1426,82.8505,0.0,7.59,35.6593,17.042,7.8639,6.5477
2020/4/20,0.2239,25.2893,84.3417,0.0,9.1236,56.6291,21.0903,7.7877,6.0405
2020/4/21,0.14,23.6732,86.733,0.0081,6.4483,19.2555,14.9884,4.7679,7.7186
2020/4/22,0.1456,21.1169,81.1729,1.5594,6.0971,17.3936,14.4005,7.0301,8.6971
2020/4/23,0.1133,19.8105,86.1154,4.3972,3.5783,4.7148,10.977,5.8882,9.9401
2020/4/24,0.0873,18.6092,86.5421,5.0877,2.715,1.1662,5.6525,3.1897,9.8046
2020/4/25,0.1512,21.6634,83.6145,0.007,5.4806,12.4474,14.2954,6.7566,9.0857
2020/4/26,0.1397,22.7845,81.6233,0.0032,5.7175,11.834,14.4231,7.2509,8.7407
2020/4/27,0.107,23.2118,77.2103,0.0082,6.4028,13.3287,12.6209,5.8509,7.7824
2020/4/28,0.2083,23.3974,77.6915,0.0003,8.3857,47.9645,20.9158,9.2183,6.8
2020/4/29,0.2618,23.3325,84.865,0.0,10.894,88.8633,24.8349,9.064,1.6889
2020/4/30,0.2589,24.0407,83.4587,0.0007,10.732,80.6477,24.2094,9.456,3.031
2020/5/1,0.2183,25.297,76.5521,0.0,7.9593,57.4054,20.7118,10.1429,5.681
2020/5/2,0.2332,27.1757,69.3469,0.0156,8.1648,49.4104,20.9022,10.8571,6.4424
2020/5/3,0.2318,27.4649,80.2146,0.03,9.3504,61.4958,21.2121,9.9524,6.2825
2020/5/4,0.2439,27.4248,79.7367,0.0,10.376,88.013,24.9257,10.5681,3.6917
2020/5/5,0.241,27.7645,80.3218,0.0,11.149,87.5349,24.5664,9.6033,3.5219
2020/5/6,0.1982,27.9498,77.5163,0.007,8.5852,51.4864,20.5331,8.8571,6.4128
2020/5/7,0.226,28.4519,80.1907,0.1082,8.1501,47.754,22.008,8.1552,6.8831
2020/5/8,0.2262,28.8933,80.648,0.0024,9.3561,63.9032,22.3786,9.4042,5.2759
2020/5/9,0.2224,28.9316,78.4624,0.0,9.3714,59.7327,22.4425,9.071,5.0642
2020/5/10,0.234,28.5931,82.3921,0.0273,10.4886,73.7547,24.0778,10.0765,3.5292
2020/5/11,0.1773,27.4667,86.3219,0.1403,7.9315,41.693,19.7624,8.4753,6.773
2020/5/12,0.0832,25.795,86.9173,0.0,6.0126,12.8399,9.6393,4.1759,7.32
2020/5/13,0.2401,26.6378,78.3605,0.0,11.3141,81.2039,24.1256,8.5782,3.7405
2020/5/14,0.2371,27.2298,76.8483,0.0,9.4909,70.2402,23.0123,9.5817,3.9807
2020/5/15,0.245,28.2155,75.9481,0.0278,11.153,79.9773,24.8993,10.6586,2.5989
2020/5/16,0.1946,28.0068,83.5584,0.0818,8.4594,46.33,18.2288,8.522,6.4831
2020/5/17,0.2465,28.3232,76.9382,0.0,10.1114,85.3516,21.3956,10.641,3.2604
2020/5/18,0.1106,26.7863,86.6072,3.2807,4.6342,4.7694,8.9693,6.4676,8.7671
2020/5/19,0.0325,24.2032,93.729,48.3408,2.1024,0.287,3.6308,3.7088,9.4213
2020/5/20,0.1665,26.1036,84.9168,1.2125,4.7608,12.7859,15.6098,7.9858,8.6615
2020/5/21,0.0603,25.769,93.2287,40.8427,3.149,0.3023,5.6931,3.8095,9.8901
2020/5/22,0.0216,24.8535,97.5284,62.5204,1.2996,0.0653,2.6905,1.8145,9.9544
2020/5/23,0.13,25.4584,90.0108,2.3599,3.8495,6.4214,9.3832,4.3871,9.8054
2020/5/24,0.2539,26.9608,82.4287,0.0655,10.3312,63.8448,24.2857,10.4901,6.509
2020/5/25,0.2314,27.6654,84.1617,0.0196,10.6948,64.9764,23.745,10.2857,5.6867
2020/5/26,0.1404,27.7337,86.8248,13.7425,6.6171,22.5378,11.7766,5.3409,8.753
2020/5/27,0.0847,26.2024,94.0128,25.5647,3.3105,5.9801,7.459,5.2857,9.342
2020/5/28,0.1321,26.2213,91.456,11.1984,4.5388,4.9496,9.4454,5.9693,9.3318
2020/5/29,0.1902,27.0986,91.0042,3.5897,6.4996,26.1386,16.5389,9.2381,7.662
2020/5/30,0.2279,28.443,82.8707,0.0,8.7582,50.3334,20.2997,10.4143,6.6031
2020/5/31,0.2118,28.7876,82.1976,0.0002,9.5541,59.4355,23.7181,11.0476,5.6842
2020/6/1,0.2455,29.1418,81.6176,0.0592,11.5704,85.5285,26.3288,10.9997,3.2898
2020/6/2,0.2526,28.9098,81.899,0.1765,11.3332,72.59,26.0216,11.6557,4.9198
2020/6/3,0.2575,29.1913,77.4904,0.0011,10.6271,77.0199,25.4733,11.4239,3.2519
2020/6/4,0.2319,29.2045,77.7708,0.0,10.2852,79.3947,25.1984,11.9048,2.7618
2020/6/5,0.2213,29.6316,76.9446,0.0,8.8134,61.9821,21.2446,10.3508,6.3865
2020/6/6,0.1991,29.1094,78.6471,0.2073,7.7727,38.082,19.4024,10.3333,8.2703
2020/6/7,0.0711,27.3368,82.2056,8.4302,5.4981,10.596,8.4455,6.6484,8.4917
2020/6/8,0.0297,25.7433,89.8656,23.9017,3.643,0.0,3.8086,3.3014,9.7127
2020/6/9,0.0777,26.5397,85.5057,5.0193,4.6141,0.0724,5.9565,4.8985,9.4076
2020/6/10,0.2103,28.3602,80.8576,0.0502,7.9443,39.1859,19.7063,9.4046,7.6794
2020/6/11,0.1379,28.8276,85.045,0.0035,7.0956,9.4025,14.3275,9.9523,7.4139
2020/6/12,0.2486,29.2143,84.4476,0.0,9.2231,61.1622,22.0331,11.243,5.1792
2020/6/13,0.2287,29.612,81.5597,0.0506,8.573,59.7378,23.3425,10.7971,4.9645
2020/6/14,0.1853,29.4008,80.1632,0.0105,9.0499,60.8003,18.1253,11.4762,4.3257
2020/6/15,0.2564,29.5549,77.6467,1.2597,10.3203,72.0176,24.6749,11.5714,3.329
2020/6/16,0.2571,29.3469,76.6893,0.0,10.9814,84.2259,26.0431,11.688,2.9318
2020/6/17,0.2525,29.3032,76.2911,0.034,10.8168,82.5586,25.7617,11.9756,3.7568
2020/6/18,0.2494,29.3658,77.6844,0.0,11.0457,83.4707,26.5504,12.1165,4.2222
2020/6/19,0.225,29.5875,77.6424,0.0,10.9515,78.3278,25.5766,11.5415,5.9174
2020/6/20,0.2503,29.5848,78.0417,0.0,10.7456,73.0613,25.3696,12.0952,3.5536
2020/6/21,0.2108,29.5437,77.2736,5.1899,9.4242,62.1383,18.0783,10.9352,6.2852
2020/6/22,0.2377,29.8317,77.0124,0.0,10.3431,72.7198,24.1931,10.1358,5.9845
2020/6/23,0.2332,30.0118,76.0183,0.0,10.4203,74.4229,23.716,10.0349,5.9852
2020/6/24,0.2161,29.9218,78.4079,0.0,9.6666,61.233,22.1165,10.9227,6.6185
2020/6/25,0.2247,30.209,76.6514,0.0378,10.2237,72.0748,23.8405,11.619,5.9378
2020/6/26,0.2167,29.9731,76.0182,0.0,8.0222,45.1459,19.5509,10.9758,7.7635
2020/6/27,0.2501,29.9224,74.3285,0.0,10.4955,74.6254,24.2319,11.6733,5.0778
2020/6/28,0.2494,30.2014,75.3139,0.0,10.8826,72.3615,24.9547,12.4286,6.1481
2020/6/29,0.1959,30.308,76.5286,0.0189,9.775,64.4811,22.8356,11.763,6.2475
2020/6/30,0.2342,30.5108,76.9682,0.0,9.5241,62.9728,22.1936,11.1752,6.835
2020/7/1,0.1452,29.1329,80.578,9.3972,7.296,35.7654,14.7504,11.0247,7.6274
2020/7/2,0.2281,29.2455,81.128,1.1782,7.1192,55.9136,18.2002,11.0892,7.4561
2020/7/3,0.2217,29.5965,78.0862,0.0,9.1605,58.6077,21.7258,11.3026,7.4781
2020/7/4,0.2169,29.9395,77.0873,0.0,9.8981,61.1501,22.5207,11.2836,7.1444
2020/7/5,0.2478,30.0889,74.4373,0.0,10.594,70.5106,24.3267,12.1429,5.2415
2020/7/6,0.234,30.0128,74.25,0.0229,9.8156,63.4563,22.1156,11.6673,5.257
2020/7/7,0.2277,30.2264,75.2365,0.0,9.4056,63.5305,21.1935,11.4763,7.1917
2020/7/8,0.211,30.1781,76.6975,0.0,8.8973,52.2668,21.6739,11.2381,7.1116
2020/7/9,0.1613,29.9331,77.767,2.5197,7.3737,26.7949,16.6394,10.4236,8.015
2020/7/10,0.2226,30.6369,73.6112,0.0335,9.1759,52.692,20.2038,10.7005,7.363
2020/7/11,0.2461,30.6361,72.4539,0.0,11.4347,76.669,26.0573,11.9448,4.1017
2020/7/12,0.2488,30.405,72.8013,0.0,10.843,87.4541,25.8,12.5448,3.9812
2020/7/13,0.247,30.9338,73.8904,0.0,10.9655,82.571,26.3111,11.7737,3.825
2020/7/14,0.2447,30.9187,73.3604,0.0196,9.8611,71.5597,24.3339,10.3398,5.2957
2020/7/15,0.1672,30.0607,78.1798,7.6893,7.1079,28.13,14.5492,10.3553,7.3724
2020/7/16,0.1257,29.1914,77.0234,2.805,7.2881,12.8292,11.5598,7.8302,7.6982
2020/7/17,0.2392,30.0637,75.9158,0.3816,10.2038,68.5079,24.1121,12.5383,5.0637
2020/7/18,0.2448,30.6055,75.5374,0.0,10.935,78.7903,26.1017,12.1617,4.737
2020/7/19,0.2282,30.8391,73.0475,0.0027,9.74,67.2913,23.7964,12.6177,5.5741
2020/7/20,0.2391,30.1127,71.6792,0.0126,9.9232,71.0052,23.7718,12.9423,4.2074
2020/7/21,0.2493,30.116,74.2033,0.0,10.7562,76.7386,24.5486,12.4856,3.5242
2020/7/22,0.247,30.5218,78.4559,0.0,10.6474,74.1085,23.447,10.9758,3.4593
2020/7/23,0.2154,30.4267,79.3458,0.0,9.0454,60.9508,21.9528,10.402,4.4368
2020/7/24,0.2324,30.766,73.4734,0.087,10.361,73.4502,24.7105,11.7653,4.2183
2020/7/25,0.1835,30.7882,77.8228,0.7308,7.2579,38.2395,18.011,9.2381,8.2353
2020/7/26,0.1828,30.2803,76.3102,4.2952,8.6355,47.5097,17.8258,9.5923,7.4436
2020/7/27,0.2131,29.9382,73.2866,0.0159,8.4425,56.3083,20.7969,12.0952,5.754
2020/7/28,0.1797,29.0917,83.8756,0.9569,6.7427,35.41,16.4509,10.4588,6.8704
2020/7/29,0.2428,29.3816,78.905,0.0129,9.7334,65.6636,21.2069,8.0887,5.624
2020/7/30,0.1252,29.7393,80.4281,0.0,5.3553,5.9687,11.2531,6.6327,8.7308
2020/7/31,0.2045,30.6744,77.0308,0.0,9.6671,53.9621,21.0426,9.5802,7.0777
2020/8/1,0.2336,30.0807,78.991,0.0169,10.53,70.7377,23.4435,11.4453,5.6778
2020/8/2,0.2514,29.7667,80.4691,7.8492,8.5097,61.9504,20.9433,10.4107,6.1335
2020/8/3,0.0852,27.255,89.2159,36.6125,3.6815,8.9808,8.2172,6.8707,8.9438
2020/8/4,0.0833,27.825,81.7496,2.0973,5.4447,3.2837,8.1027,6.2341,8.8307
2020/8/5,0.2343,29.7574,76.2397,0.0,8.4331,52.5508,22.8954,10.4057,7.0538
2020/8/6,0.2476,30.4427,75.5829,0.0,10.1659,73.7463,24.3215,12.0851,5.2927
2020/8/7,0.1957,29.8062,82.1208,1.746,10.0722,70.1356,23.0211,10.3358,5.5737
2020/8/8,0.2173,29.7168,82.6911,0.0,9.7666,68.5874,23.3712,11.4341,4.2116
2020/8/9,0.2385,30.2106,76.7779,0.0,9.0959,64.0028,21.7598,9.4872,6.2649
2020/8/10,0.1695,29.1719,84.8483,5.8112,6.4476,36.6526,14.7142,9.7933,7.5219
2020/8/11,0.1029,27.7618,87.9663,2.119,4.3864,1.4192,9.4503,6.0776,9.6426
2020/8/12,0.1902,28.5841,83.9959,3.0245,8.4294,59.0694,20.1034,11.4491,6.2286
2020/8/13,0.2519,29.5481,77.0512,0.0,9.6892,78.8763,23.063,10.3997,3.2778
2020/8/14,0.2494,29.6154,76.1085,0.0,9.7254,71.9054,23.4606,8.7829,4.6839
2020/8/15,0.1249,28.3741,82.2879,0.6203,7.0983,13.3277,12.7433,7.2342,8.2918
2020/8/16,0.2448,28.9508,81.0331,0.0,9.4566,67.1198,23.3621,11.1429,5.208
2020/8/17,0.2326,29.3903,81.323,1.9149,8.6433,54.4131,19.9057,10.8128,5.5232
2020/8/18,0.2126,29.3809,80.4323,0.0029,7.7801,56.6529,21.6934,10.58,7.0963
2020/8/19,0.24,29.8521,78.1516,0.0,10.9162,82.2449,23.5061,11.1809,4.9804
2020/8/20,0.222,29.847,78.4847,0.0,9.1941,67.479,20.5789,9.0237,5.2928
2020/8/21,0.2373,29.864,79.7268,0.0445,10.0838,71.6087,21.7324,9.3756,4.92
2020/8/22,0.2027,29.6124,78.2759,0.0765,8.4828,42.7236,19.3234,8.2857,7.2689
2020/8/23,0.2223,29.0635,79.6789,8.7176,8.3528,54.9176,20.8163,10.7143,6.4704
2020/8/24,0.2275,29.8001,78.2728,0.0,9.6741,77.969,22.0132,11.2201,4.6855
2020/8/25,0.2269,30.3224,77.4006,0.0942,10.2794,82.6516,21.843,10.3474,3.0875
2020/8/26,0.0969,27.3836,85.5175,7.0226,5.5633,18.7468,10.0788,6.4587,7.8799
2020/8/27,0.0964,27.1701,87.4285,16.0382,5.2317,10.4555,9.8147,8.3243,8.883
2020/8/28,0.1438,28.0262,85.6508,16.4021,7.2524,37.3093,15.6481,10.7507,7.8509
2020/8/29,0.2313,29.3357,82.5074,0.0,9.0844,70.633,22.0555,11.157,4.7831
2020/8/30,0.1811,29.6291,84.6693,0.0,8.0662,44.7763,16.8119,10.9952,6.0103
2020/8/31,0.1921,29.2676,82.0273,0.0,8.1876,54.1876,16.8695,8.5209,6.3459
2020/9/1,0.2186,29.5226,80.3284,0.0097,10.82,85.8858,22.5124,10.4286,3.5609
2020/9/2,0.2108,30.0765,81.3296,0.0,9.5343,69.9705,20.7304,10.5392,4.8741
2020/9/3,0.1832,29.4415,83.9383,1.6905,7.4215,39.9277,17.0103,10.0734,6.4657
2020/9/4,0.2295,28.9031,80.5995,0.0007,9.5181,66.0065,21.6762,9.1133,3.9889
2020/9/5,0.1761,28.5232,75.7172,0.3655,8.0432,39.3075,16.95,8.1485,5.9556
2020/9/6,0.2487,27.4199,64.0446,0.0117,11.1289,93.804,24.9874,9.9767,0.9273
2020/9/7,0.2216,27.9353,67.3659,0.0496,9.9384,74.8473,22.3152,9.8019,3.566
2020/9/8,0.2167,29.1964,72.8233,0.0,9.6519,80.1532,21.6595,8.5648,4.4833
2020/9/9,0.1584,29.3744,76.8535,0.0228,7.9617,30.101,16.7114,9.7619,7.8406
2020/9/10,0.175,29.3748,77.7371,0.0,7.4126,44.6196,17.5259,8.6282,7.551
2020/9/11,0.1834,29.5328,76.1427,0.0,7.7756,47.0733,17.5409,8.9797,6.8613
2020/9/12,0.1622,29.0771,79.9615,0.0,6.5922,27.6294,13.2139,7.241,8.3514
2020/9/13,0.2281,29.0691,81.9335,0.009,9.7661,63.9471,18.7811,7.7347,5.4367
2020/9/14,0.2293,28.9504,82.9434,0.0,10.5025,57.0559,20.667,8.3643,5.0063
2020/9/15,0.2185,28.9577,83.548,0.0,9.323,67.6331,19.908,9.8095,3.7341
2020/9/16,0.2284,29.3981,80.787,0.3521,10.0947,80.2456,21.3906,10.3253,2.6751
2020/9/17,0.1794,29.702,78.4781,0.0,9.2936,70.2032,20.0404,8.0021,5.1878
2020/9/18,0.2235,29.8755,77.8097,0.3781,9.3813,78.0679,20.7435,8.7323,5.241
2020/9/19,0.221,29.0811,81.9476,0.2898,8.7955,66.2107,19.8795,9.8547,4.4709
2020/9/20,0.2339,28.5875,82.1227,6.9508,10.3335,84.7099,21.8647,8.9048,4.3566
2020/9/21,0.2365,28.0812,72.67,0.0,10.5715,89.3776,22.6817,8.7921,2.9406
2020/9/22,0.2207,27.4252,68.7039,0.0,10.4551,86.0977,21.9352,8.7864,5.2856
2020/9/23,0.2157,27.3337,72.9964,0.0,9.8896,81.4239,20.9648,8.5649,2.6314
2020/9/24,0.1776,27.1273,77.6326,0.0,7.9189,53.7443,18.6711,7.7606,6.4769
2020/9/25,0.1401,26.2455,71.8802,0.0,5.949,19.005,14.5752,6.8302,9.2701
2020/9/26,0.1658,26.5012,71.1299,0.0,6.7045,23.9839,15.1309,8.7733,8.3675
2020/9/27,0.0796,24.4655,80.6593,0.168,4.6527,4.5716,8.9754,5.9125,8.9503
2020/9/28,0.0709,24.9762,85.5887,0.1243,4.652,1.9129,7.5982,5.4194,9.2706
2020/9/29,0.2076,26.4974,72.5938,0.0166,8.138,60.6178,19.4555,10.3448,5.4292
2020/9/30,0.1423,24.9465,71.9817,0.0321,5.8799,26.8208,14.2691,8.0147,7.7676
2020/10/1,0.2225,26.1715,70.1796,0.2168,10.0221,79.4852,20.8592,8.6871,4.5155
2020/10/2,0.2163,26.6539,78.0051,0.059,9.8249,81.4489,21.7808,9.7562,3.0667
2020/10/3,0.2218,27.3494,81.8189,0.0,9.8516,85.047,21.079,9.7392,3.7376
2020/10/4,0.2137,27.5401,81.5171,0.0008,10.1792,87.4137,21.361,9.5106,2.0058
2020/10/5,0.2146,26.6333,76.5791,0.0016,9.897,79.9815,20.4627,8.5585,3.5212
2020/10/6,0.2096,25.2542,68.7324,0.0034,10.2214,88.8385,21.1326,9.4591,2.2413
2020/10/7,0.1989,24.9867,66.1996,0.0,9.7515,72.8246,20.0859,7.9246,4.0905
2020/10/8,0.1916,25.4709,65.0969,0.0,7.0937,54.9869,17.8634,7.6998,7.1762
2020/10/9,0.1848,25.1879,69.2632,0.0017,8.5531,66.2938,19.5156,9.4857,4.1699
2020/10/10,0.1895,25.1604,76.8856,0.0,9.9999,86.2265,20.6017,9.0639,1.7011
2020/10/11,0.178,26.1172,83.5091,0.0004,9.6557,81.2045,19.8936,8.957,3.2482
2020/10/12,0.1718,26.8446,85.9602,0.0126,8.0188,51.7181,16.7532,7.619,6.4566
2020/10/13,0.1732,26.7027,83.355,0.0004,8.5733,63.8239,17.9798,7.7274,4.6795
2020/10/14,0.1445,26.1801,81.0486,0.0016,4.9813,54.6962,10.3834,8.365,4.942
2020/10/15,0.1589,26.6959,76.9342,0.0,8.8928,64.862,17.3939,7.0494,5.4097
2020/10/16,0.1482,26.2796,81.3623,0.0,8.5717,62.5476,16.5591,7.1175,4.7043
2020/10/17,0.1477,25.1588,75.7782,0.0013,7.5698,43.222,15.8821,6.8301,8.1931
2020/10/18,0.1432,24.4854,78.2543,0.0,9.4883,72.1193,18.7188,7.8412,5.6111
2020/10/19,0.1556,24.4495,75.3661,0.0143,9.3661,80.3599,18.6795,8.3514,3.0578
2020/10/20,0.1495,24.8931,79.7867,0.003,9.3944,70.898,18.0605,7.9214,4.5241
2020/10/21,0.0712,25.7999,86.9461,0.0019,5.0662,14.9033,9.6626,4.8095,8.7303
2020/10/22,0.0724,23.2172,82.9087,0.0169,4.3819,15.5371,10.3886,7.0045,8.6994
2020/10/23,0.0566,20.98,75.3294,0.1816,3.8162,2.0004,7.1736,5.5586,9.4296
2020/10/24,0.1146,23.0599,64.3477,0.0041,5.2013,24.3409,11.2349,7.2166,8.9507
2020/10/25,0.0999,24.0765,73.7075,0.0,6.5736,37.8671,12.1793,6.7619,7.2523
2020/10/26,0.1622,24.6613,77.7218,0.0007,7.7159,57.442,16.7774,8.2763,3.4018
2020/10/27,0.1426,25.1061,77.8098,0.0012,8.9814,67.0717,16.1611,6.5714,3.6924
2020/10/28,0.1563,25.1537,80.8596,0.0075,9.4483,86.3505,17.257,7.7218,3.2883
2020/10/29,0.1277,24.5008,78.3621,0.0011,7.2878,48.1974,14.402,7.3669,7.3356
2020/10/30,0.1521,23.6132,66.5248,0.0,8.8144,73.9689,17.0338,8.0445,5.1567
2020/10/31,0.1518,23.102,65.4206,0.0,8.2197,67.1633,16.2256,6.181,3.9244
2020/11/1,0.1333,23.5466,81.4031,0.0,7.727,62.9033,15.8159,6.5719,4.7539
2020/11/2,0.1377,23.7417,81.6019,0.0008,8.6688,71.2139,16.1923,6.2381,6.7038
2020/11/3,0.1424,22.7026,67.9249,0.0012,9.1113,75.8012,16.3624,6.5968,4.8527
2020/11/4,0.1156,22.3239,64.4496,0.0069,6.4905,38.5893,12.4983,5.4338,6.9553
2020/11/5,0.1427,23.1166,72.6302,0.0,9.421,82.0706,16.6397,7.2545,3.4761
2020/11/6,0.0272,23.9163,91.8271,0.0012,3.6596,19.7677,8.3032,6.2381,6.7434
2020/11/7,0.0265,24.2063,93.3881,1.0067,4.013,2.2052,5.0234,3.8939,9.6508
2020/11/8,0.1081,21.5674,80.3506,0.0133,6.5683,29.5536,9.939,4.886,7.6716
2020/11/9,0.0507,21.4827,69.696,0.0157,3.957,11.9174,6.5336,3.7619,8.2123
2020/11/10,0.0845,21.029,75.1554,0.607,4.2301,3.3259,7.4965,4.619,9.151
2020/11/11,0.1851,22.2991,67.0075,0.1747,9.7212,93.0644,17.1016,7.168,1.3708
2020/11/12,0.1788,23.1463,75.6981,0.0,8.7456,73.6687,16.0542,6.9611,3.674
2020/11/13,0.0573,22.6814,85.3607,1.1036,3.1547,0.707,5.5773,3.9029,9.5742
2020/11/14,0.0813,23.1758,77.3526,0.0812,4.0204,4.966,7.3483,4.1056,9.4062
2020/11/15,0.1445,23.6914,81.3413,0.0,6.1204,29.3387,12.2986,5.4286,6.7326
2020/11/16,0.1489,23.8094,88.1682,0.0,7.1279,45.183,13.4508,5.296,6.0565
2020/11/17,0.1618,24.2178,86.2494,0.0007,7.1449,77.3331,13.7843,6.2965,3.0443
2020/11/18,0.1517,23.1522,89.9071,0.0,8.3364,86.0479,15.8106,6.4207,0.6008
2020/11/19,0.1672,25.0198,81.6804,0.0026,9.338,88.9558,15.2724,5.9923,2.6448
2020/11/20,0.1366,25.6079,83.347,0.0184,8.7075,77.9607,14.4207,5.4858,4.4307
2020/11/21,0.1646,25.1806,87.3078,0.0,8.2509,70.2593,14.6612,5.6119,4.4955
2020/11/22,0.1239,24.6235,88.3194,0.0,6.9234,57.9148,13.2405,5.6519,2.6235
2020/11/23,0.1001,23.4437,80.365,0.0,7.6597,53.4193,13.2079,5.6361,5.4691
2020/11/24,0.1582,23.6821,78.4411,0.0,8.7027,76.7143,14.3458,4.2857,2.8481
2020/11/25,0.1482,23.6003,82.9748,0.0005,8.3356,51.9484,13.6124,5.3333,4.9556
2020/11/26,0.1472,24.04,85.4369,0.0005,8.3792,68.6677,14.5976,5.1195,4.9567
2020/11/27,0.1457,22.4196,80.0002,0.0,8.0845,64.4653,12.5963,4.7775,4.0821
2020/11/28,0.1496,21.2165,77.5051,0.0,8.3604,75.8837,13.8289,5.3244,4.7529
2020/11/29,0.1582,20.7812,76.9632,0.0003,8.5909,79.0973,14.567,5.6915,5.7379
2020/11/30,0.0772,21.1132,71.8223,0.0,4.3209,8.1536,7.5531,3.2211,9.0322
2020/12/1,0.1438,21.0129,75.6536,0.0049,8.7782,81.5315,14.4185,5.6129,2.6981
2020/12/2,0.1531,20.6135,75.0661,0.0026,8.644,76.7047,14.6766,5.8451,4.9282
2020/12/3,0.051,18.3065,74.9303,0.0051,4.1204,5.3315,8.3539,4.4372,9.0519
2020/12/4,0.0607,18.424,80.1591,0.0121,4.0372,5.1675,6.8527,3.2017,9.2746
2020/12/5,0.1072,19.3735,79.4902,0.0003,6.7733,43.9979,12.0852,5.5772,6.4196
2020/12/6,0.1078,20.5563,84.7227,0.0,7.9694,62.9992,13.6602,5.5037,6.3161
2020/12/7,0.0352,20.7766,88.3639,0.0005,4.9511,32.905,10.4701,5.2823,5.8292
2020/12/8,0.0352,19.5211,84.5729,0.0572,3.4077,0.0584,4.552,2.8369,9.6375
2020/12/9,0.0408,19.7829,91.1112,10.1076,2.7407,0.171,4.1406,2.4785,9.8212
2020/12/10,0.0696,20.7631,92.2469,0.4067,4.4924,10.7665,8.623,5.2053,8.5512
2020/12/11,0.0738,20.9152,91.2159,0.6924,4.3638,2.8022,8.1646,4.4284,9.1184
2020/12/12,0.158,20.5092,81.6399,0.0056,7.3352,55.0565,12.4786,5.578,6.9896
2020/12/13,0.15,19.889,83.9596,0.004,7.5227,61.1065,13.2761,5.3569,4.074
2020/12/14,0.1287,18.4193,85.085,0.0026,6.5057,54.2024,11.9621,4.9795,3.9607
2020/12/15,0.148,17.4401,81.075,0.0067,6.2585,39.0924,11.8409,4.4134,7.2841
2020/12/16,0.1106,17.6434,80.5061,0.0011,4.8411,24.1628,9.7398,4.4491,8.2858
2020/12/17,0.1417,18.0868,80.2285,0.0,7.3799,61.8166,13.1374,5.5379,4.7543
2020/12/18,0.0561,18.4239,91.803,0.0066,4.8797,31.7707,10.0456,4.8484,3.7887
2020/12/19,0.0638,17.231,85.8296,0.0056,5.2686,30.4935,10.7431,5.5179,6.8488
2020/12/20,0.1346,17.7687,77.9071,0.0004,6.4267,36.9021,10.6174,4.963,8.8038
2020/12/21,0.0381,17.3819,80.7594,0.4685,1.8244,0.2196,3.2612,2.2857,9.7242
2020/12/22,0.1459,19.2825,83.8501,0.0,7.514,57.6474,13.4703,4.619,5.8762
2020/12/23,0.027,18.4443,96.1316,6.9033,3.3082,0.7605,4.4229,3.3856,9.476
2020/12/24,0.1142,18.4964,87.5938,2.0324,5.0186,12.6246,9.8809,5.5456,7.5612
2020/12/25,0.1557,18.4089,77.9714,0.0,7.4386,47.6099,11.4688,4.3289,7.6439
2020/12/26,0.1574,18.9691,86.6777,0.0,8.5373,80.7171,14.3275,5.3115,3.5438
2020/12/27,0.0543,20.1167,87.1808,0.0755,3.3526,4.4744,5.8947,3.5652,8.3323
2020/12/28,0.1233,20.6287,82.3289,0.2576,6.0212,45.6215,12.8876,5.9897,5.8619
2020/12/29,0.1301,19.9325,91.7465,0.0012,5.3195,19.967,11.1915,4.9023,8.0284
2020/12/30,0.12,13.6388,71.5318,0.1823,8.1992,62.513,13.623,5.5293,3.5361
2020/12/31,0.0516,10.0827,61.3381,0.0,2.3469,2.5063,4.5853,2.2764,9.3775
2021/1/1,0.1403,13.5279,66.9742,0.0,7.5398,43.1864,13.9291,5.4781,6.6548
2021/1/2,0.1583,15.1432,75.1763,0.0,8.6631,82.4779,16.024,5.8103,1.2271
2021/1/3,0.158,16.5565,83.4809,0.0,8.8362,83.7363,16.582,5.85,1.1585
2021/1/4,0.0561,17.8099,90.4911,0.0049,7.3668,73.1066,13.2825,5.6834,2.6608
2021/1/5,0.1215,17.6169,85.04,0.0022,7.5373,55.1924,12.8717,5.3264,5.897
2021/1/6,0.0263,16.0662,83.051,0.0075,1.9465,0.5049,3.4733,2.1847,9.7325
2021/1/7,0.1151,13.7329,80.7412,0.0402,5.244,4.4581,8.1252,2.7297,9.7716
2021/1/8,0.0475,9.1557,70.8154,0.0028,2.9254,1.8722,3.7489,1.9621,9.7446
2021/1/9,0.1603,10.0504,58.7479,0.0049,7.0292,47.1794,15.2479,4.8076,5.9812
2021/1/10,0.1587,13.1794,63.5385,0.0008,8.5677,76.6129,16.2231,5.1929,3.9354
2021/1/11,0.0292,12.4473,82.0731,0.3945,3.2286,0.0067,3.9667,3.0833,9.9249
2021/1/12,0.1629,11.307,67.7286,0.727,7.6343,39.1857,12.9504,5.3983,6.0455
2021/1/13,0.1965,13.1273,66.5623,0.001,9.1912,91.4985,17.2527,5.9407,0.3442
2021/1/14,0.1875,14.1705,77.4967,0.0,8.7673,84.5733,17.4608,6.1156,0.3734
2021/1/15,0.1804,14.8691,85.8518,0.0,8.8459,85.9767,16.6104,6.0174,0.0318
2021/1/16,0.168,16.2149,81.0273,0.0023,8.6319,78.6073,15.5566,5.0505,1.8658
2021/1/17,0.1647,14.679,72.5695,0.0,8.5381,72.7345,16.0891,5.9266,2.8284
2021/1/18,0.1559,14.3002,69.9488,0.0,8.7316,83.4484,15.8998,5.9431,1.6206
2021/1/19,0.1557,15.5026,80.1247,0.0,8.9921,86.4939,16.3365,5.2555,1.106
2021/1/20,0.1165,16.4774,91.6038,0.0,8.5069,77.2393,15.9476,5.985,2.5163
2021/1/21,0.0862,17.9347,95.399,0.0,6.3426,24.4716,12.6228,5.7726,7.7977
2021/1/22,0.0502,18.0663,98.0706,0.0184,4.448,7.5139,7.6446,4.0222,8.6205
2021/1/23,0.0933,17.8822,95.8154,0.425,7.9427,59.808,14.5699,6.3079,4.3784
2021/1/24,0.1691,17.0629,84.4464,0.0033,8.6707,64.4953,15.0356,5.4998,4.805
2021/1/25,0.159,16.5668,89.6111,0.0,9.0011,79.6821,17.1021,6.7531,3.6027
2021/1/26,0.112,16.6246,94.0742,0.0,8.1453,74.8399,14.8104,6.3575,1.8144
2021/1/27,0.157,16.7523,88.8271,0.0013,8.1415,64.5032,15.1084,6.2076,2.8388
2021/1/28,0.1414,15.9263,81.1464,0.0129,8.4043,73.0082,14.9353,6.4859,2.68
2021/1/29,0.1481,15.4109,63.0014,0.0033,8.4703,62.4904,15.6419,6.8334,3.5158
2021/1/30,0.1718,14.7457,85.1324,0.0,8.5249,75.165,15.9304,6.7505,2.5299
2021/1/31,0.1273,15.2126,93.9649,0.0,8.6283,84.9933,16.3066,7.5704,0.8263
2021/2/1,0.139,14.9339,89.0446,0.0,9.1285,86.8401,18.1346,7.525,0.1006
2021/2/2,0.1701,16.5388,82.3371,0.0005,9.0546,82.7542,17.842,6.6241,0.7357
2021/2/3,0.1689,16.4671,81.9373,0.0022,9.1936,81.8366,17.1213,6.6251,1.0662
2021/2/4,0.1692,16.7584,90.6052,0.0006,8.9583,70.2271,17.7796,6.6194,1.2221
2021/2/5,0.158,16.5405,91.3092,0.0,9.1567,79.5578,17.7041,6.0921,1.2225
2021/2/6,0.1701,17.3771,88.6648,0.0066,9.1198,88.4282,18.7297,7.0152,0.9613
2021/2/7,0.0701,17.336,95.2078,0.0,8.3715,71.7118,17.2652,6.7246,1.3795
2021/2/8,0.1592,18.1844,86.456,0.0,8.5648,62.9747,16.9154,6.2485,3.6817
2021/2/9,0.1572,18.422,76.7351,0.0,8.5516,69.0462,17.0814,5.9335,5.728
2021/2/10,0.0771,17.614,92.3201,7.5093,6.1167,14.59,10.9284,4.8095,7.8085
2021/2/11,0.0386,16.5754,98.4919,27.5593,3.0526,0.0204,4.4418,2.94,9.8665
2021/2/12,0.0305,17.0473,97.4762,1.2092,6.6424,31.1601,11.9886,5.9465,7.2246
2021/2/13,0.1178,18.6101,93.487,0.0012,8.7897,70.2969,18.9591,7.5961,4.543
2021/2/14,0.0937,17.6898,94.5374,0.0,6.9453,54.3873,15.0606,7.6312,5.2956
2021/2/15,0.1871,17.9732,89.4157,0.0027,9.7957,90.3237,20.9343,7.8946,0.952
2021/2/16,0.1906,18.0581,90.5235,0.0,9.0677,80.2253,19.5734,7.2227,3.4226
2021/2/17,0.2046,17.0674,72.9009,0.0028,9.3764,80.3958,19.8778,7.6655,2.0706
2021/2/18,0.2134,15.6065,52.1607,0.0005,8.8107,64.3425,19.7442,6.4527,2.9459
2021/2/19,0.2016,15.4437,58.9238,0.0035,9.1996,79.0023,18.999,7.1671,0.859
2021/2/20,0.2002,15.7396,81.6265,0.0016,9.5352,83.1833,19.7341,6.8699,3.0518
2021/2/21,0.2034,17.3649,66.4164,0.0008,9.6654,88.8067,21.0156,7.7699,1.9667
2021/2/22,0.1972,19.4967,62.3634,0.0023,9.923,91.64,20.9927,7.9227,0.1528
2021/2/23,0.1482,18.4379,87.4027,0.0,8.5376,62.4139,17.6928,7.385,5.0893
2021/2/24,0.0518,17.7838,95.1241,0.0,7.7178,59.9815,15.9669,7.3074,5.2359
2021/2/25,0.1378,19.2226,92.4107,0.3157,7.5039,57.1292,17.6774,7.214,6.143
2021/2/26,0.1494,19.2439,93.3858,0.0109,7.9186,48.1647,16.3087,6.7818,5.0813
2021/2/27,0.1038,17.2773,89.5842,0.0092,6.803,35.6074,12.9751,6.2875,7.0765
2021/2/28,0.1677,18.1538,87.2897,0.0004,8.9626,72.1209,18.23,6.6633,3.378
2021/3/1,0.1581,21.299,82.8242,0.0,8.3378,53.4714,18.2048,7.3736,5.9503
2021/3/2,0.165,17.7198,83.4038,0.2547,7.949,39.8855,15.5142,5.6897,6.1611
2021/3/3,0.0596,16.9147,84.314,0.0078,4.183,2.8674,6.2008,3.9764,9.3736
2021/3/4,0.0942,18.4233,90.1158,0.0767,5.5813,29.4582,12.1572,6.2605,7.6329
2021/3/5,0.1388,19.3601,91.732,0.3181,7.2593,31.1034,13.5152,6.2356,7.7881
2021/3/6,0.143,18.8868,91.198,5.7399,6.508,24.3833,14.4439,8.3782,8.2913
2021/3/7,0.0562,17.0881,94.4449,0.0433,6.2151,11.6338,11.346,5.5677,8.8279
2021/3/8,0.1635,18.0172,87.7012,0.0003,7.7268,32.1917,15.9883,5.9833,7.4979
2021/3/9,0.1229,18.2325,89.7241,0.003,8.1844,63.2616,17.5922,7.5429,4.0404
2021/3/10,0.1974,19.0111,86.8847,0.0,9.3895,74.5085,19.9132,7.106,1.7183
2021/3/11,0.1413,18.34,91.4286,0.0,9.3378,71.9756,19.1815,7.3441,3.8837
2021/3/12,0.1618,19.5416,90.5749,0.0079,9.9371,85.6906,21.0212,8.1904,1.2175
2021/3/13,0.196,18.7356,80.4822,0.0034,8.9801,73.1883,19.9734,7.9299,3.1291
2021/3/14,0.2177,19.06,84.3785,0.0002,10.0734,67.8653,22.714,8.8834,1.4981
2021/3/15,0.1818,18.9699,88.8096,0.0,9.4368,71.4276,21.307,9.6803,3.1269
2021/3/16,0.2148,21.8945,77.8554,0.0011,10.3115,90.3994,22.9018,9.8824,0.5641
2021/3/17,0.1302,20.3333,92.5756,0.0091,9.1695,65.2955,19.4871,8.6225,2.4509
2021/3/18,0.1165,19.5806,94.878,0.0008,9.1152,71.4681,20.3517,8.25,2.3531
2021/3/19,0.1465,20.3602,93.4639,0.0,8.5918,58.6524,18.8988,8.4068,4.6675
2021/3/20,0.1557,21.7833,91.1475,0.01,9.4157,68.6425,19.0104,7.6426,3.2506
2021/3/21,0.1632,17.9327,82.8991,0.0054,7.9986,49.1965,16.2507,7.0895,4.6223
2021/3/22,0.023,14.1108,80.7308,0.682,2.4352,0.4071,3.3777,2.1925,9.9731
2021/3/23,0.0672,17.085,82.1169,0.0573,4.7507,3.0986,8.5846,5.1668,9.5577
2021/3/24,0.0547,17.5779,89.4752,13.9444,3.6812,18.5556,5.5819,2.4168,7.0085
2021/3/25,0.2459,18.4121,73.2658,0.0018,10.4975,87.6836,25.1212,9.5488,0.9814
2021/3/26,0.1938,20.015,89.2561,0.0006,9.4714,72.1736,20.1693,8.6103,5.0418
2021/3/27,0.2099,22.6365,82.8543,0.0,9.4693,64.8206,21.0777,9.0218,2.7955
2021/3/28,0.1967,24.9504,81.4701,0.0,9.6091,69.7539,20.1223,8.9042,3.8168
2021/3/29,0.1761,24.2175,88.8706,0.0,9.2281,65.0146,19.4221,7.9065,4.6679
2021/3/30,0.0811,25.812,86.1487,0.0046,6.7747,27.8286,12.2843,5.2495,6.8619
2021/3/31,0.1772,25.4785,88.7505,0.0044,9.2962,57.1719,19.1296,7.3216,5.4264
2021/4/1,0.0743,25.6471,87.3025,0.0038,6.6809,9.6991,8.93,3.9968,8.1454
2021/4/2,0.201,25.5674,88.1922,0.0033,10.1705,81.816,22.4319,7.9831,0.9065
2021/4/3,0.1836,24.7514,88.6329,0.0,9.273,63.5031,18.3723,6.535,3.32
2021/4/4,0.1676,22.497,80.1985,0.0,8.8107,54.0606,17.9284,6.0207,3.9083
2021/4/5,0.1963,20.0876,61.7321,0.0,9.947,70.8687,21.2687,7.6219,2.2596
2021/4/6,0.211,20.5224,68.2078,0.0,10.2138,80.3065,23.6078,9.4239,1.222
2021/4/7,0.1443,20.7764,74.5225,0.0,6.6006,17.6801,12.6704,6.5707,6.5414
2021/4/8,0.1196,20.6077,86.1681,0.0016,7.499,23.3615,17.2438,7.5624,7.4853
2021/4/9,0.1626,18.5724,78.5492,0.0025,6.7458,8.1241,13.5921,5.6053,9.2809
2021/4/10,0.1763,20.0098,82.0595,0.0022,8.3694,45.586,18.2365,8.1824,5.5004
2021/4/11,0.1331,21.319,89.3031,0.0034,9.606,75.4858,21.2452,9.3851,2.0069
2021/4/12,0.1934,23.3829,83.2322,0.0,9.4531,65.3939,23.175,10.1905,3.6788
2021/4/13,0.1929,23.9626,85.9817,0.0357,9.7529,60.1509,21.0618,8.2462,4.3521
2021/4/14,0.1693,21.9086,83.3712,0.0098,8.2304,35.2934,18.7917,8.3234,8.2203
2021/4/15,0.1902,21.6883,84.7744,0.0019,9.2238,63.8782,20.3951,7.8571,4.0376
2021/4/16,0.2087,22.5542,84.557,0.0003,9.3921,65.9653,23.9367,9.2119,4.6438
2021/4/17,0.1661,23.3163,73.5876,0.0039,8.4166,43.647,19.2316,10.0613,5.7487
2021/4/18,0.1507,22.7271,58.8831,0.0,7.6524,35.787,18.1183,8.7395,7.3177
2021/4/19,0.167,22.7846,69.2863,0.0011,6.8979,33.3293,18.238,9.4286,7.3222
2021/4/20,0.1923,24.1327,78.815,0.0,8.5451,48.9762,20.9301,8.6208,4.9551
2021/4/21,0.2005,24.6435,82.8427,0.0,9.2354,62.7721,22.4879,9.9777,4.1737
2021/4/22,0.1107,24.0686,92.1267,0.0022,8.669,36.9709,16.4987,9.0858,4.7288
2021/4/23,0.1406,24.2024,88.9814,0.0137,8.8527,57.5763,21.9638,10.6909,4.3891
2021/4/24,0.1814,23.9255,84.7271,0.0132,9.2412,62.3614,23.8059,9.8622,3.686
2021/4/25,0.0224,23.2294,86.2371,0.0737,2.7013,0.2913,3.9875,3.4286,9.4816
2021/4/26,0.1858,24.3277,78.2211,0.0,7.0074,25.3074,19.9257,8.5238,6.4752
2021/4/27,0.097,23.4952,86.6671,0.0,5.4387,6.2814,11.452,6.6588,8.7074
2021/4/28,0.0509,22.971,90.7693,1.1976,5.9942,2.4196,10.5132,6.1144,9.5418
2021/4/29,0.0807,21.948,89.5324,12.4226,3.2128,1.2731,6.2959,2.5293,8.9923
2021/4/30,0.2279,23.5618,79.6322,0.0036,10.7813,80.2707,25.2577,10.4498,4.4796
2021/5/1,0.1642,24.6746,77.3532,0.0,8.6473,37.9928,19.111,9.2109,7.2768
2021/5/2,0.1822,24.4574,87.4559,0.0,9.3816,57.4424,20.846,8.9005,6.3484
2021/5/3,0.0898,24.58,91.0779,0.0436,5.4616,2.4213,9.7839,5.0253,9.5892
2021/5/4,0.1409,26.267,85.3033,0.0361,7.8968,27.5685,16.3026,7.9634,7.5967
2021/5/5,0.1391,24.8696,85.5596,3.7047,8.3672,27.198,16.5665,8.7787,6.0754
2021/5/6,0.2265,24.3775,83.1941,0.0,10.5123,69.3502,23.5159,10.7983,3.7861
2021/5/7,0.2152,26.7277,82.4032,0.0015,9.8228,58.5347,22.9049,11.7143,4.1506
2021/5/8,0.1887,27.1805,86.9536,0.0301,9.2731,49.6787,21.3034,11.1052,6.1648
2021/5/9,0.2064,27.3074,83.8026,0.026,10.6161,79.0885,25.6657,11.4397,3.9475
2021/5/10,0.1909,27.6162,80.7921,0.0,9.6587,55.1989,22.3726,9.9108,4.3469
2021/5/11,0.2002,27.8545,81.4894,0.0021,10.3228,69.773,24.7135,11.6507,5.3876
2021/5/12,0.2124,28.8727,77.1694,0.0643,11.0739,86.9933,26.7285,11.5858,1.9726
2021/5/13,0.2054,29.2866,79.3133,0.0004,9.6284,61.4598,23.919,11.6094,3.7757
2021/5/14,0.2083,28.7942,82.039,0.0618,10.0298,68.577,25.2048,10.6345,4.7185
2021/5/15,0.2042,29.1364,81.3006,0.0,11.2349,86.2673,26.7528,12.0189,1.9353
2021/5/16,0.2062,29.4538,80.0446,0.0,11.365,83.2131,27.4874,12.1109,3.2749
2021/5/17,0.1944,29.4091,79.9785,0.0012,10.3378,66.5528,24.3257,10.4693,5.1135
2021/5/18,0.1704,29.3131,83.5677,0.1081,8.9542,44.1457,21.5601,10.6368,6.9576
2021/5/19,0.2103,29.6232,82.9009,0.0089,10.1983,59.9275,24.5015,11.0363,5.6666
2021/5/20,0.1707,29.7698,75.7883,0.0,9.5848,48.0509,20.9065,10.9912,6.7958
2021/5/21,0.2075,30.0108,77.1609,0.0142,10.4713,71.186,23.8916,11.3918,5.1062
2021/5/22,0.1763,29.7812,80.1466,0.0338,9.4535,51.0806,20.2186,9.4155,5.9434
2021/5/23,0.2254,30.1025,79.9276,0.0,9.4905,71.1764,23.5085,11.7619,5.7433
2021/5/24,0.2304,30.0343,80.7669,0.0886,10.1619,60.9404,24.0192,10.7323,5.1658
2021/5/25,0.2472,28.5438,82.6166,0.0,7.6797,79.618,18.5084,11.4762,3.8662
2021/5/26,0.2301,29.2078,81.679,0.0,9.7882,66.3941,25.0436,11.6155,4.1815
2021/5/27,0.2304,29.9854,78.1269,0.0039,9.8576,68.8419,24.4994,11.2419,6.1138
2021/5/28,0.218,30.3137,76.2004,0.0,9.5891,60.5681,24.7724,11.8515,6.0132
2021/5/29,0.0883,29.6231,82.3444,0.7648,6.8627,25.1994,11.5442,6.5403,8.0905
2021/5/30,0.0429,25.9141,95.271,156.2704,2.6193,0.5723,5.1614,5.1281,9.6651
2021/5/31,0.0637,26.2073,96.3334,33.0268,4.3447,0.6506,6.6278,5.714,9.7172
2021/6/1,0.1851,27.7701,87.5197,0.7106,6.8571,16.6641,16.73,9.9,8.2056
2021/6/2,0.2117,29.2568,84.2706,0.0028,9.429,50.9588,21.3992,11.7966,7.45
2021/6/3,0.2468,29.809,83.5997,0.0,10.4249,70.2526,25.7235,12.725,5.346
2021/6/4,0.197,29.7064,84.0324,2.6826,8.9445,37.6782,17.5013,10.2549,8.6137
2021/6/5,0.0772,26.6871,94.03,52.2081,3.4557,1.7597,8.4756,6.95,9.9376
2021/6/6,0.038,25.3593,95.2573,59.2509,3.2526,0.8803,5.0978,4.0458,9.8775
2021/6/7,0.1189,27.1634,86.4219,0.0733,6.5363,11.4533,13.2281,8.2826,8.8093
2021/6/8,0.2392,28.1738,84.1854,0.0855,9.3653,45.7737,23.9286,10.32,7.6074
2021/6/9,0.233,28.8173,84.0423,0.0,9.5841,57.8822,24.3907,11.7619,6.9407
2021/6/10,0.2371,29.1898,81.1754,0.0011,9.7211,64.7148,24.2107,11.8437,6.4088
2021/6/11,0.2457,29.6078,77.4507,0.002,9.8137,66.1427,23.702,11.893,6.1626
2021/6/12,0.2357,28.7522,83.6083,7.8009,9.1957,51.2581,22.7072,10.0587,6.52
2021/6/13,0.2426,29.0134,84.7285,0.0029,10.4365,66.5115,25.2322,12.5468,4.0216
2021/6/14,0.2119,29.2847,81.8217,0.0,10.1737,65.4643,24.4508,12.1628,4.9277
2021/6/15,0.2142,29.4596,83.4214,0.6072,9.9987,66.3184,22.5513,11.5779,6.4895
2021/6/16,0.1188,28.6855,88.7309,8.1725,7.1962,22.2345,13.1933,9.0954,6.3698
2021/6/17,0.2333,29.4496,81.5225,0.0265,10.0515,65.3872,24.2155,12.2771,4.795
2021/6/18,0.2352,29.9741,80.3325,0.1971,10.4391,62.4369,24.7801,10.8328,4.5407
2021/6/19,0.146,29.663,83.146,1.7817,8.6687,32.795,16.7409,9.5324,6.9503
2021/6/20,0.1375,29.0486,86.4693,0.9289,6.3825,16.1079,11.9087,7.1095,8.6177
2021/6/21,0.026,26.929,94.7898,27.3445,5.2671,2.7827,5.0027,4.4946,8.972
2021/6/22,0.0494,25.6632,96.8417,78.0638,3.4389,2.2815,5.7782,5.6203,9.6973
2021/6/23,0.0504,26.1346,93.5125,2.7306,4.3726,0.0,7.0333,5.1466,9.792
2021/6/24,0.1277,26.6899,91.1779,8.3776,7.3807,13.8911,13.456,7.4634,8.4031
2021/6/25,0.145,27.6309,85.2701,0.4549,6.4931,25.1029,15.4287,9.7284,8.0607
2021/6/26,0.1184,27.7849,86.9504,3.1465,7.5144,16.0344,12.3721,10.1,8.9324
2021/6/27,0.1793,28.4267,85.1024,0.5515,7.6005,18.703,14.8439,9.9175,8.2953
2021/6/28,0.1071,27.2409,92.149,69.8093,5.5639,9.4332,9.4757,7.8202,9.2219
2021/6/29,0.1512,27.8795,89.6866,2.3458,5.7606,12.4113,12.0207,8.3071,8.7712
2021/6/30,0.2369,28.9583,84.6306,0.0,9.6903,56.9912,22.6748,11.381,6.1114
2021/7/1,0.2481,29.0944,81.7566,0.0,10.6686,71.8636,26.0293,12.8775,4.0416
2021/7/2,0.2409,29.2232,82.6131,0.0,11.1366,68.3436,24.8113,10.8894,5.0579
2021/7/3,0.2419,29.4676,82.9193,0.6698,10.68,70.4516,25.6827,12.7619,4.4812
2021/7/4,0.2343,29.4733,82.3369,0.0,9.5175,57.7079,24.3248,10.8873,5.0678
2021/7/5,0.2516,30.0137,76.8049,0.0,10.3536,71.9944,24.405,13.0194,3.9342
2021/7/6,0.2022,29.3798,82.7591,0.062,8.0279,20.6646,16.9854,12.7143,8.1262
2021/7/7,0.213,29.4658,84.8932,0.0,9.4139,59.4123,19.6329,12.2879,4.7421
2021/7/8,0.2505,29.7437,83.2139,0.0,10.3808,73.6195,25.0826,11.1983,3.4688
2021/7/9,0.2492,29.8537,83.3731,0.0,10.8622,68.7509,26.0668,11.7195,4.3445
2021/7/10,0.2312,30.0985,82.0052,0.0049,9.897,63.0879,23.9209,11.0459,6.2856
2021/7/11,0.2124,29.7837,85.0924,0.0,9.5905,54.2031,19.9986,11.2351,6.2905
2021/7/12,0.2326,29.9131,84.8178,0.0,9.2939,59.5943,21.633,11.4765,6.6247
2021/7/13,0.2342,29.17,84.8421,4.4705,9.1401,49.624,19.8304,11.5714,4.7206
2021/7/14,0.2492,29.6735,79.0021,0.0,10.1999,70.3879,25.8652,11.8571,4.3293
2021/7/15,0.2146,29.2379,83.6303,0.4204,8.1379,36.0537,19.5584,9.7104,6.2074
2021/7/16,0.2322,28.8937,80.8705,0.0,9.0419,54.8382,21.0306,11.3076,5.5012
2021/7/17,0.2317,29.4294,77.6348,0.0,10.1543,68.9933,23.815,11.2914,5.0727
2021/7/18,0.2213,29.8669,78.6977,0.0,9.7287,46.2962,20.8994,9.8455,5.934
2021/7/19,0.2149,30.0814,79.8295,0.0,8.0949,43.4867,20.3555,9.9308,7.1815
2021/7/20,0.1873,29.6118,82.5783,0.0477,8.1029,40.9169,18.8997,7.3111,7.0553
2021/7/21,0.2449,29.7554,77.4187,0.4335,10.5106,69.0427,22.7721,11.0,5.2664
2021/7/22,0.1856,28.6744,88.1653,5.2799,6.9369,28.0453,15.4439,9.4286,8.6822
2021/7/23,0.1923,28.5071,90.5958,7.1096,6.4535,25.5514,15.1018,8.9956,8.2789
2021/7/24,0.1939,29.6605,80.0902,0.59,8.2568,22.9716,15.6994,7.9048,8.1588
2021/7/25,0.2136,30.1547,83.7293,2.4981,9.4301,61.6176,22.806,10.3691,6.4138
2021/7/26,0.2022,29.8379,87.7066,3.9632,9.1324,44.4106,17.5119,9.301,5.8174
2021/7/27,0.2303,30.1129,83.7408,9.0834,9.8945,72.7794,24.4134,11.708,4.9586
2021/7/28,0.2242,31.0098,79.9547,0.0068,10.4789,65.3381,23.6434,9.7969,5.284
2021/7/29,0.225,30.2458,81.2326,10.1914,8.9469,57.634,22.4175,10.552,6.9856
2021/7/30,0.1455,29.6704,81.5524,0.4106,8.8852,34.1148,18.8618,9.4871,7.3815
2021/7/31,0.0874,27.1641,89.9885,36.0048,6.1234,7.204,9.4426,5.4285,9.037
2021/8/1,0.0432,26.0529,96.7439,191.5931,3.2876,2.8725,5.2978,3.3926,9.5981
2021/8/2,0.055,26.5101,94.5584,135.9886,3.5137,2.8071,4.8939,3.865,9.4751
2021/8/3,0.195,28.0309,91.8057,0.6627,5.8688,19.008,13.1525,8.6784,8.3852
2021/8/4,0.1725,29.1593,83.6626,3.1943,8.9644,31.3614,17.5292,8.3333,7.5286
2021/8/5,0.0589,27.486,91.3571,6.6395,3.1569,1.3664,5.6645,3.4597,9.1593
2021/8/6,0.0043,26.6116,96.0075,204.7557,0.0698,0.0,1.1841,0.6634,9.876
2021/8/7,0.0371,26.4291,97.8065,66.9408,2.8358,0.8867,4.3815,2.7101,9.9144
2021/8/8,0.1575,28.0118,93.0813,16.3857,8.0225,27.616,15.8165,8.1905,7.892
2021/8/9,0.1105,27.7314,92.2864,7.0321,6.599,12.3172,10.9328,8.1124,8.1381
2021/8/10,0.1974,28.2434,90.0555,2.6505,7.412,48.6246,18.0439,10.0429,6.5952
2021/8/11,0.2101,28.277,88.5361,0.0014,9.1835,59.3221,21.406,11.6337,7.2368
2021/8/12,0.2156,29.0556,84.4504,0.0,8.9284,53.268,20.9245,11.35,7.3194
2021/8/13,0.2114,28.9114,82.1913,0.0,7.8523,48.3495,19.8142,11.0622,7.0229
2021/8/14,0.1976,28.5734,83.962,0.7226,9.2951,54.5255,19.6051,11.45,6.8988
2021/8/15,0.2407,29.2176,80.6611,0.0,9.4222,52.1117,22.2224,11.3778,5.4226
2021/8/16,0.2377,29.5059,82.6911,0.0,10.1788,70.4855,23.9426,12.6147,3.4506
2021/8/17,0.233,29.5197,82.5577,0.0114,10.2318,69.7469,23.217,12.1068,6.0229
2021/8/18,0.1019,28.8244,87.5474,0.0,7.0446,7.5193,11.4888,6.526,8.5873
2021/8/19,0.2458,28.4034,83.292,0.0,8.5472,54.7684,22.6517,10.6365,6.0299
2021/8/20,0.2416,29.0868,81.5274,0.0,9.992,69.0524,23.0035,10.7851,4.7674
2021/8/21,0.2014,29.4074,82.9909,0.0,9.5608,66.4197,21.3191,10.9734,5.5031
2021/8/22,0.2343,29.267,81.6178,0.308,10.3568,75.2094,23.5685,11.175,4.8556
2021/8/23,0.2244,29.3688,82.0212,0.0,10.4948,65.6841,23.0246,11.1837,6.8704
2021/8/24,0.177,29.0702,84.0435,0.6941,8.6387,59.0292,19.0066,11.5169,5.9001
2021/8/25,0.2205,29.2746,81.7262,0.022,9.1298,70.3916,21.8987,11.381,4.7364
2021/8/26,0.2307,29.0982,80.9132,0.0001,9.9122,75.5629,23.3818,10.0988,3.6355
2021/8/27,0.2396,28.9959,84.7421,0.0,10.1958,75.5552,24.5245,11.8095,3.3235
2021/8/28,0.2288,29.37,84.3653,0.0,10.0937,72.4831,24.1753,12.0952,4.1747
2021/8/29,0.2228,29.6407,82.3347,0.0,10.1931,75.7414,24.268,11.5001,3.8667
2021/8/30,0.117,29.0913,85.6005,0.1025,7.1958,5.2546,10.0593,5.1758,7.629
2021/8/31,0.2078,29.3571,83.9589,0.0023,7.8269,37.2294,19.0813,9.1682,6.7744
2021/9/1,0.1989,29.6788,84.857,0.0,8.9109,58.3846,20.9381,11.0417,5.516
2021/9/2,0.2047,29.5903,84.1012,0.0,8.6381,56.6889,20.1283,10.1763,6.1068
2021/9/3,0.2186,29.0894,82.9028,1.0753,8.3786,53.2545,20.5044,10.3488,7.1112
2021/9/4,0.2336,28.8803,81.2383,0.0,8.8674,59.342,21.121,10.8647,4.9339
2021/9/5,0.2097,29.6041,81.5063,0.0272,9.7267,60.4011,18.7477,9.8802,5.1822
2021/9/6,0.2253,29.8316,74.9029,0.0,9.1285,67.7935,21.2404,10.9679,5.2635
2021/9/7,0.2319,29.8128,81.8594,0.1801,9.921,78.5392,22.6052,10.9902,4.849
2021/9/8,0.2203,30.0851,84.1076,1.6852,9.4309,58.5312,22.1271,8.9962,5.9006
2021/9/9,0.1973,30.0943,82.6716,0.0,9.5955,59.7381,21.9177,10.8311,4.4503
2021/9/10,0.2161,29.9069,85.2411,0.0,9.2585,51.4031,19.6478,7.1432,4.2315
2021/9/11,0.1875,29.8413,85.3004,0.006,7.6553,26.5459,16.8031,7.9568,8.1377
2021/9/12,0.134,28.3476,88.199,0.8263,6.1361,9.2794,12.1908,6.7633,8.8223
2021/9/13,0.1574,28.8151,85.8859,5.5091,7.9821,43.0987,17.9843,8.1335,7.1192
2021/9/14,0.22,29.9707,83.4247,1.6728,9.085,69.3523,21.0958,10.2185,5.038
2021/9/15,0.2126,29.4785,83.803,2.3886,9.1401,59.3982,21.423,9.3407,5.4044
2021/9/16,0.1737,28.2472,85.9364,2.8493,8.9725,60.9209,19.5266,9.7619,4.6393
2021/9/17,0.1702,29.3532,82.4318,0.0029,9.0207,63.3412,19.8744,9.7619,4.5984
2021/9/18,0.204,29.857,84.7474,0.0,9.0713,69.2121,20.6705,8.2257,4.3652
2021/9/19,0.2167,29.5409,86.1183,0.0,9.6127,70.1869,20.3957,9.8086,4.3873
2021/9/20,0.2046,29.7823,81.0002,0.0,9.4265,75.1781,22.3475,10.8095,3.8443
2021/9/21,0.1876,29.6902,79.9372,0.0,8.6524,58.4913,18.8717,7.1454,4.7074
2021/9/22,0.2166,29.3279,79.5143,0.0,9.5345,70.6659,20.9354,9.0409,2.1715
2021/9/23,0.2012,29.2283,82.9992,0.0,9.5687,71.4667,20.8341,9.3029,4.9144
2021/9/24,0.2084,29.3361,80.1819,0.0,8.5136,60.5167,19.5843,8.144,5.5778
2021/9/25,0.2114,29.4138,78.8662,0.0,9.9814,72.2521,21.5606,8.3098,4.6556
2021/9/26,0.2094,28.6119,80.9558,0.0,9.516,76.91,21.8693,9.2305,2.8333
2021/9/27,0.2126,28.6337,81.727,0.0,9.1512,67.795,20.3851,8.5359,3.2815
2021/9/28,0.2,28.5954,78.5819,0.0,8.9821,66.2866,19.7557,6.5784,3.2329
2021/9/29,0.2067,28.1759,81.9805,0.0028,9.3672,78.0196,21.1803,9.201,2.0643
2021/9/30,0.2035,28.729,83.9131,0.0571,9.1787,72.02,20.1685,7.491,2.7673
2021/10/1,0.1941,29.1334,83.1466,0.0197,9.5093,66.2263,19.2163,8.7161,3.4737
2021/10/2,0.2009,28.7495,84.8534,0.0,9.0039,66.7148,18.9199,8.3737,3.024
2021/10/3,0.2006,29.0084,82.4228,0.0,9.6984,81.1067,21.4373,9.2858,1.982
2021/10/4,0.1984,29.2929,79.5698,0.0,9.4058,76.4168,20.3808,6.905,2.2643
2021/10/5,0.1959,29.1659,76.865,0.0,9.348,76.3633,20.8074,8.3328,3.1222
2021/10/6,0.201,28.8993,78.3588,0.0026,9.5934,55.7067,20.3779,7.8264,3.8147
2021/10/7,0.1694,29.1916,80.3644,0.0035,7.1441,39.8862,14.3336,6.5727,7.2854
2021/10/8,0.1452,29.4811,83.1923,0.001,6.9586,28.0539,15.7344,7.2592,8.0727
2021/10/9,0.1798,29.1828,83.1761,0.0,9.0179,50.0767,17.2571,8.1429,5.0624
2021/10/10,0.1902,29.4762,76.6403,0.0005,9.5951,76.08,19.9884,8.9391,3.4704
2021/10/11,0.149,29.128,78.0914,0.0521,7.9368,32.9662,15.5712,8.7298,7.9506
2021/10/12,0.0686,28.3476,87.9798,0.2911,5.4815,15.0018,8.9848,5.9694,8.6939
2021/10/13,0.0566,27.4596,92.3194,2.2754,2.8351,2.7233,6.4375,4.9524,9.6786
2021/10/14,0.0513,27.0776,94.7364,1.1161,4.008,2.1538,6.6075,4.0947,9.5649
2021/10/15,0.1774,28.2471,88.629,0.0202,8.6206,65.9733,18.8337,8.2389,5.3469
2021/10/16,0.1847,28.0885,83.2082,0.1923,8.3774,61.09,18.0937,8.1905,5.3
2021/10/17,0.1918,23.9537,69.119,0.0037,8.7438,56.5171,19.3229,7.6504,6.165
2021/10/18,0.1471,24.2308,70.8023,0.0,7.67,53.0323,17.0204,7.2857,5.6157
2021/10/19,0.1975,24.8716,76.1089,0.0021,9.6343,80.9174,20.2758,8.0314,2.2897
2021/10/20,0.1819,25.2414,81.276,0.0026,8.4122,47.2796,17.0543,7.4728,6.4115
2021/10/21,0.1503,24.1856,86.4884,0.0311,8.4708,71.6591,17.1456,7.9821,6.9426
2021/10/22,0.0603,21.7094,83.2705,0.1431,5.8368,3.0474,6.8082,3.3988,9.5158
2021/10/23,0.1334,23.2561,77.8959,0.0301,7.4294,29.4657,14.3809,6.4765,8.0556
2021/10/24,0.1037,22.5969,85.6803,0.2801,6.8622,17.795,10.1742,4.8915,7.8357
2021/10/25,0.1924,23.8434,80.0822,0.0004,9.0037,74.8412,18.6313,7.4007,3.1106
2021/10/26,0.1504,25.0616,80.156,0.0,8.1526,48.3417,16.319,6.7034,5.0901
2021/10/27,0.1911,24.8189,76.6178,0.0065,9.1641,78.8499,19.5021,7.7074,3.0213
2021/10/28,0.1834,24.2666,69.9333,0.0106,9.1018,78.1266,18.4534,6.9346,2.7855
2021/10/29,0.173,23.5045,69.556,0.0,8.7704,60.4293,16.8945,6.9995,4.4514
2021/10/30,0.1414,23.8739,73.937,0.0082,7.2608,32.6061,14.2501,6.9003,8.0913
2021/10/31,0.1812,24.1564,78.5859,0.0,9.1897,83.2038,18.6789,7.2734,2.6626
2021/11/1,0.1523,24.3791,78.1519,0.002,7.8976,54.9515,15.6077,6.4487,5.2067
2021/11/2,0.1585,24.0311,75.6341,0.0,7.897,53.5195,15.418,7.2306,4.2739
2021/11/3,0.1012,24.3407,82.831,0.0003,6.8494,22.2321,11.6982,5.617,7.2486
2021/11/4,0.1383,24.8035,87.1515,0.0219,7.4342,40.2676,14.7162,6.4338,7.1578
2021/11/5,0.1649,25.1342,89.1554,0.0,8.335,65.873,15.8545,7.1153,4.6506
2021/11/6,0.1688,25.9027,86.3268,0.0068,9.181,81.5769,17.8373,6.8416,3.0083
2021/11/7,0.1739,25.1118,84.083,0.0,9.286,86.9668,18.4106,7.5502,1.8201
2021/11/8,0.1125,21.8769,82.2102,0.0699,6.4476,29.2717,12.8613,6.418,7.2467
2021/11/9,0.1502,18.7716,64.3985,0.0,6.9576,36.8262,15.7206,5.6667,7.7147
2021/11/10,0.0911,19.273,57.1792,0.002,6.4347,24.7719,10.1765,6.0375,6.952
2021/11/11,0.1789,20.1178,59.5252,0.0,9.1482,85.0635,18.1705,6.4676,1.2692
2021/11/12,0.0777,20.5832,70.7006,0.0239,5.5342,19.9137,10.2935,6.0242,8.2866
2021/11/13,0.1132,20.0563,81.9985,0.598,5.3713,18.249,9.8749,5.8232,8.167
2021/11/14,0.1702,20.5242,73.7146,0.0,9.1011,82.4384,17.7079,6.7301,2.3276
2021/11/15,0.1302,22.3273,75.76,0.0,8.4806,53.1973,14.1457,5.468,4.9643
2021/11/16,0.1393,22.9135,86.8568,0.0087,8.0438,60.2433,15.2641,6.1361,4.8905
2021/11/17,0.1349,23.6777,85.2666,0.0041,8.257,62.495,14.5159,5.7796,5.5579
2021/11/18,0.1294,22.3119,88.1621,0.0593,6.8155,33.0188,12.828,5.9914,7.6036
2021/11/19,0.1609,23.1957,86.8651,0.0017,8.6344,79.9748,15.5832,6.0011,2.058
2021/11/20,0.1324,23.3099,85.8841,0.0,7.5525,41.5264,12.4686,5.0135,6.4164
2021/11/21,0.1702,23.4367,90.6052,0.0,8.8474,79.8741,15.1953,6.1429,2.8205
2021/11/22,0.1311,20.4041,84.4798,0.0198,7.3195,56.5845,13.0961,5.2321,5.679
2021/11/23,0.0994,17.0433,75.0972,0.0003,5.1858,4.6498,7.6587,3.8066,8.9377
2021/11/24,0.147,19.1853,73.6928,0.0004,7.936,59.3108,15.0364,5.7239,4.9902
2021/11/25,0.0479,20.5515,84.2722,0.0,3.5343,1.749,5.5749,2.8166,9.4468
2021/11/26,0.0596,20.4275,83.8241,0.2498,4.4694,5.2624,6.3009,3.8197,9.0484
2021/11/27,0.1165,20.9529,78.1185,0.026,6.9088,26.6352,10.9214,4.5942,7.5794
2021/11/28,0.0677,22.1424,86.9676,0.0,4.1893,2.5199,6.4659,3.6104,9.3109
2021/11/29,0.1606,22.8064,91.2525,0.0003,7.0746,42.6367,14.1364,5.2325,6.7563
2021/11/30,0.156,22.1411,81.2108,0.0232,7.9446,49.1323,13.9684,5.5244,5.9028
2021/12/1,0.174,16.8285,60.2642,0.004,8.1367,61.3004,15.5874,6.0884,5.174
2021/12/2,0.1608,17.3024,69.0797,0.0,8.3643,70.6149,15.3315,5.4996,2.7485
2021/12/3,0.1732,17.1986,56.0272,0.0,9.1269,91.1161,17.2777,5.433,0.0587
2021/12/4,0.1717,17.2005,58.6178,0.0,9.0557,91.1687,17.0171,5.4113,0.1935
2021/12/5,0.163,18.1131,78.2164,0.0013,8.7653,86.9082,16.2149,5.0476,0.9015
2021/12/6,0.1147,20.0104,85.9158,0.0084,8.1859,78.5126,13.7694,5.2014,2.7651
2021/12/7,0.1669,19.8174,74.5125,0.0,8.5232,78.3149,15.8354,5.3167,0.6919
2021/12/8,0.158,19.6782,72.1052,0.0009,8.8718,86.4886,15.8914,5.4613,0.5332
2021/12/9,0.153,19.7456,86.8817,0.0,8.4506,72.4081,14.9942,4.7426,2.3868
2021/12/10,0.1472,20.4912,85.5045,0.0,8.5892,82.7398,15.4783,5.3813,1.4765
2021/12/11,0.1407,20.7434,90.1106,0.0,8.1784,74.0353,14.6245,5.3333,2.6779
2021/12/12,0.154,20.2361,86.1233,0.0013,8.371,78.9195,15.1252,5.565,2.4727
2021/12/13,0.1449,19.1535,82.2323,0.0013,8.1954,76.7823,14.7574,5.1985,2.1203
2021/12/14,0.1429,19.787,87.8736,0.0,8.617,82.8763,15.5658,5.1091,0.9172
2021/12/15,0.1052,20.5788,94.731,0.0,8.3857,80.4704,14.9256,5.2335,2.3985
2021/12/16,0.0957,21.0916,93.732,0.0,8.3377,82.3669,15.2682,5.5518,2.0409
2021/12/17,0.0867,19.2216,78.3852,0.0,7.908,74.0055,13.8406,4.9737,2.614
2021/12/18,0.0674,15.9806,67.9413,0.0102,6.9606,27.8851,9.3995,3.2838,7.5221
2021/12/19,0.1204,18.0788,65.6314,0.0062,7.3743,53.6048,13.4471,4.7143,7.1359
2021/12/20,0.0512,18.3552,82.3287,0.4708,3.691,1.2,5.5483,2.8267,9.7692
2021/12/21,0.0271,18.4492,97.3074,19.8216,2.1281,0.5902,3.0636,2.381,10.0
2021/12/22,0.0662,18.3873,91.4829,0.3413,4.4808,0.1978,5.9697,3.1216,9.7569
2021/12/23,0.1081,19.5791,91.4925,0.006,5.7292,29.3508,10.0821,4.5446,8.3176
2021/12/24,0.0712,19.6717,93.9153,0.0093,5.5648,21.5978,9.5359,5.1351,8.6471
2021/12/25,0.1096,17.7653,80.5242,0.0015,5.2731,6.5498,8.4998,3.7546,9.585
2021/12/26,0.0836,15.1589,81.341,0.0045,4.2012,4.832,7.8067,3.7578,9.4132
2021/12/27,0.0256,14.1314,86.3412,0.2438,3.2714,0.2546,3.8958,1.853,9.8862
2021/12/28,0.1455,16.9443,87.8006,0.0,5.1484,74.3264,8.5125,5.4705,3.2549
2021/12/29,0.1627,18.1249,90.1798,0.0021,8.5173,77.0271,15.6317,5.8067,2.7121
2021/12/30,0.1469,16.9606,75.7977,0.0054,7.3336,37.5418,13.0065,5.6515,6.8975
2021/12/31,0.133,16.7001,72.7273,0.0,7.2639,49.4777,13.6679,5.3458,5.852
