Time,capacity_factor,dewpoint_temperature_2m(℃),temperature_2m(℃),relative_humidity(%),surface_solar_radiation_downwards_hourly(MJ/m2),surface_latent_heat_flux_hourly(MJ/m2),surface_net_solar_radiation_hourly(MJ/m2),surface_net_thermal_radiation_hourly(MJ/m2),surface_sensible_heat_flux_hourly(MJ/m2),total_precipitation_hourly(mm),potential_evaporation_hourly(mm),total_evaporation_hourly(mm),tcdc(0~100)
2021/1/1,0.0322,9.241079060614188,13.44856936921174,72.67981637745038,9.025303704900178,-4.853790729312479,7.752051238733851,-2.9620807168080123,-2.892825649308934,0.6470922995200817,-22.358440978882665,-1.940950245716559,70.18175297131346
2021/1/2,0.0772,11.62271064833658,15.282120370350675,78.35239858281153,10.5978013596108,-4.331580686485598,8.961725967942858,-3.8173199615596634,-1.9969537179860168,0.718002559061656,-20.622603383928443,-1.732108134512251,73.62745054277464
2021/1/3,0.0823,13.605603676712144,16.48751293860006,77.93014636291939,11.950253064830603,-5.407133523231202,10.536661450292833,-4.4081549357013365,-0.6720659125042303,0.4616290159822226,-17.81417285683571,-2.1621767060457917,71.12274164475788
2021/1/4,0.0965,13.990421754257303,17.62508682444781,81.79288313003148,13.53553995374286,-4.679900099314327,11.924393249775376,-4.93483895764145,-0.9468078078439977,1.226773929929882,-13.776127462000648,-1.871353795980249,83.54714307705902
2021/1/5,0.063,13.50043920465357,17.88059661052995,80.91886439697538,12.770629992561052,-3.795167132579421,11.25151245613272,-4.351319708332745,-0.5758098144997286,2.6423213607429394,-12.150357809729748,-1.5175875913084962,58.255872401143336
2021/1/6,0.0592,14.148240087256273,16.58938000531788,82.42147814909907,11.224230357640888,-3.705132611023071,9.88251584183586,-3.504758837623031,-0.7068818370254704,2.8275898307903597,-19.869537376481148,-1.4815815983233724,76.58422823185724
2021/1/7,0.0231,12.973188711262534,15.83560937112281,83.45256729659066,7.425167915614377,-5.135200545358231,6.545928965047583,-2.622437905970828,-0.466142733012842,4.838779246782279,-19.882822537753547,-2.052715409827316,94.55863312896062
2021/1/8,0.0051,8.840019618268041,12.282120772479214,80.21900151620896,5.054111962019126,-4.838571267773162,4.446096007892731,-2.0693541312670662,-3.3266540586606768,3.123262093708856,-23.62452371549652,-1.9328632138390704,95.63168139005762
2021/1/9,0.0,7.416900586485825,10.238127169014348,72.45521242133337,8.600700696389277,-4.350910453460656,7.589285179553285,-2.2609024720279915,-3.431785179592881,1.1775904156505903,-22.779288101828243,-1.7388801761589292,70.89558092532404
2021/1/10,0.0167,7.905265570660768,10.948890559613448,64.64648017861501,11.553390089751224,-3.745573475844921,10.155699170103068,-4.760571836482283,-2.937561622188793,0.8420678177627955,-26.97408230286,-1.4972314193541294,77.42849518749003
2021/1/11,0.0322,10.793809389708471,12.73132768732811,79.6748146752796,8.19616201626151,-3.539559420711555,7.213747537414196,-3.094272582142633,0.3841530228921161,4.661911919407506,-18.683185755409625,-1.4151905986856654,96.062725822485
2021/1/12,0.0,10.34185437984654,11.840555296821682,82.93183219766195,10.508440208182588,-4.196077135599026,9.383444512850476,-2.165821701157583,-2.382161251155183,1.8735528741516403,-15.334169472424428,-1.677779870521288,37.189410333679504
2021/1/13,0.0797,7.394698281776346,10.858533553319862,69.61977434845288,15.723283408927053,-4.105437592385373,14.019464186219626,-7.394725477830219,-2.2654602290104124,0.1683117787941754,-20.143523292262977,-1.6423101111127658,42.11799456126104
2021/1/14,0.0849,8.350561330388327,12.779602859797809,69.28348434099325,16.246002820667886,-5.227786112436571,14.459344929221729,-7.523647981532196,-1.720742684212322,0.1100693622826721,-19.52373503163193,-2.0915178694589227,7.12411849781014
2021/1/15,0.0965,10.964855002064628,14.2288762819869,74.09290975868547,16.562108250495942,-5.001678675380488,14.619275861839249,-7.111454431225306,-1.9562471344268029,0.0787113411685454,-15.309871142930463,-2.0007984222993063,22.071334306723465
2021/1/16,0.0913,12.071035480487698,16.123292374961967,73.65416019595872,15.266757950542134,-6.897194811793624,13.464757433267875,-5.682155477193943,-1.4452103775862284,0.9664383169608276,-23.824673017314524,-2.758056116499301,52.04539648173079
2021/1/17,0.0283,11.381389747305567,14.288706847381986,74.16456483442681,12.567061746540308,-4.395762553285973,11.075599018986155,-4.869593563957718,-3.53380267714254,1.161806574040846,-27.69034877775937,-1.7576806517483217,54.13626587769824
2021/1/18,0.0424,10.293616266442584,13.48967739494141,71.03829021938328,14.225111866318434,-3.862926521218801,12.623279783387314,-5.932344911352048,-3.3280063621940483,0.5535618552608691,-24.912854654596025,-1.5446372522087817,63.92562552315263
2021/1/19,0.0797,11.500890103344142,14.81081121112755,72.40250020979428,12.323661168132954,-6.18487738502932,10.869253087551172,-4.384757028008903,-1.5052427435217215,0.3075480091576277,-26.878225494048905,-2.473171932421139,79.36235187051717
2021/1/20,0.0257,12.531097830968026,17.373013554810715,80.07539205303993,10.528067604234188,-4.3837839935753,9.291575232934353,-3.4373958820210184,0.050278754055518,0.9106614627141276,-18.174981265885577,-1.7529589757510795,93.71830433150171
2021/1/21,0.045,14.638987052589576,18.10297910211904,84.53708587819645,6.437378064763471,-2.9296533780031195,5.697174678954801,-2.044565181864072,1.1753011988481816,2.0324168439720385,-13.265863037042095,-1.171496936157153,84.93656609179314
2021/1/22,0.0373,16.39635942142614,19.67897030025639,90.6687462451329,5.325854430475872,-6.394291756363691,4.7176018555185335,-1.644517613289513,4.417296885236143,8.595299253021565,-5.7984357519276575,-2.5568883435399474,90.19721855254896
2021/1/23,0.0913,16.516526150360537,19.453773513167924,88.48969193668381,12.84074393566962,-4.709861656151878,11.343159444567998,-3.343926930279705,-1.5756485310430666,2.2944047022306315,-7.279633078928525,-1.8833292950736504,28.73915911380173
2021/1/24,0.0656,13.503451450909612,18.08418736962833,81.52723001842925,12.029583379713875,-4.480193404597021,10.626939671784744,-3.8517949955182633,-1.2652162461824483,0.8616896743172127,-18.10069725938054,-1.7914971995395268,37.38651244887529
2021/1/25,0.0553,11.195468187847062,16.880884791289358,77.94341581447176,13.762061889085794,-5.82609212276924,12.157736327022238,-4.309159950260338,-2.063762508076053,0.1836090535643619,-15.82731460625368,-2.329694316368224,62.887969150148365
2021/1/26,0.0952,10.374319775666956,18.45261479108734,79.64975346203785,15.674621002573652,-4.975905935683318,13.851835321682266,-5.363665465889877,-1.3924105160570832,1.6760758575314425,-12.998137968213804,-1.989727677199355,30.653288618584583
2021/1/27,0.0399,12.14371419465724,18.10917604597951,82.47654036118172,11.529665812242802,-4.193604340288725,10.17093372852016,-3.677602283962324,-0.7448311759316715,1.7218504579324467,-15.205086188783175,-1.67690292472426,25.81638517752644
2021/1/28,0.0682,12.62673556076892,17.05362978055618,83.24779152094578,12.367774664690389,-3.9824922069792095,10.928694437446024,-4.060822671153707,-1.7286733288938372,2.4469733518291856,-12.120704387130935,-1.592490285665904,56.69307194072002
2021/1/29,0.0412,8.649641757069558,12.939061250584716,70.39106108098045,13.96150249620762,-4.727279779688356,12.32646273303958,-5.605309173811929,-4.276290275586838,0.7712677966291799,-28.23787186247828,-1.890303431009908,75.78295921484022
2021/1/30,0.054,9.06032269754899,13.79866326261162,73.36851256211536,11.232180249150309,-5.44480816801582,9.924208537141643,-4.271117820614084,-0.8076233831965105,0.4693185459133619,-23.141944721574998,-2.177217938492416,61.029568745561335
2021/1/31,0.0874,9.858010615855704,13.966073092331898,69.73942585879529,13.49773608358056,-5.718178728554058,11.93722986678338,-5.213597661692459,-1.3605100649175998,0.1055898361712441,-26.88836000626152,-2.286547397470845,71.72837458942652
2021/2/1,0.0952,11.144478656182716,15.09610153949764,69.82379111998964,15.87333123944644,-5.734838426802303,14.037577264476052,-5.577796312471975,-2.2202395735826146,0.1476416798122894,-20.61177170976594,-2.2931932496053813,60.67623466817983
2021/2/2,0.0952,9.294859374368414,15.925416735692195,78.7143190282298,14.665881748622883,-5.087599421786009,12.956302886882042,-5.091815138001966,-2.036908539434686,0.831589815595838,-15.757413547273217,-2.034370534889023,33.27473451653114
2021/2/3,0.0939,11.155554849229588,16.42065751358493,73.80723248146633,14.967269034522683,-3.990672374933986,13.241206087259748,-5.564273720049407,-2.0808638126692385,0.5388142386131448,-22.2514372766463,-1.59574559445561,30.36396063419283
2021/2/4,0.1016,11.237387352659592,16.88219797655756,76.8296144634399,14.135072048327023,-5.341598807146871,12.493082467072988,-4.794730458405438,-1.384793506309932,0.5887412666375569,-20.00147507100565,-2.135956594866399,47.45103964959205
2021/2/5,0.0887,10.890359086437602,16.356339023770634,78.44627972634247,12.472483581565893,-4.223115161092009,11.088005720193188,-4.178728187858939,-2.392618973070574,0.4312660641391668,-18.32399847049094,-1.6886844575988045,83.52532461820627
2021/2/6,0.108,11.69462784898092,17.130233358797373,76.69655115791441,17.046755789359747,-5.272741809199858,15.079201633324606,-5.983109880364728,-2.731671056893285,0.152545424160277,-13.625794180033548,-2.108407727441828,49.643102899106765
2021/2/7,0.1029,12.15664088171277,17.593717110277463,77.48355793986825,17.481198439573387,-5.108134404558638,15.464342587838146,-5.549530522150982,-3.0322731809649675,0.1350333023835206,-18.01323918663838,-2.0426113372662678,56.14354152480088
2021/2/8,0.0849,13.633648260746366,18.25600249203305,78.82997780600955,14.001499221018292,-4.387760296782105,12.368212297797257,-4.330347677042765,-1.60262230414685,1.4469869247462623,-18.135650075811384,-1.7545453072824515,71.2833323228667
2021/2/9,0.0206,14.552550207073343,16.88364024892472,78.96319317202939,11.445175427031364,-5.439043749893903,10.112372903453554,-3.1418209847032093,-1.596602620769124,4.059110847745582,-19.30047637633102,-2.1749241916707813,78.16998130975287
2021/2/10,0.0604,12.68365261168256,17.789440459140884,81.82160398672123,10.019721491676377,-5.3312390742899325,8.866833066000915,-2.6002832427925417,0.1013272076478122,7.755041852064149,-22.087002593766165,-2.131816528065228,98.5733480779375
2021/2/11,0.1723,15.394757700604174,18.52133740826854,87.83120461263069,9.754862434316887,-7.572241000022467,8.626899524838144,-2.355952685610129,2.978501357325842,23.54944269466388,-11.6072019732194,-3.027926763345653,75.3164631053142
2021/2/12,0.216,11.295349410896227,17.821358611737523,83.76120229032631,14.735153008957958,-6.6424647210998895,13.031206560955768,-4.021165420490647,-1.0612229078971351,2.567079313750379,-9.65365478897868,-2.65612926243589,68.51813070776464
2021/2/13,0.1749,12.235236523674084,15.649353617807892,83.34471143473661,12.211325674326272,-5.141122711073821,10.809889339487572,-3.429736852738956,-0.3626780236684359,1.899467493687884,-12.248233337471117,-2.0557834965334654,84.82737102997893
2021/2/14,0.1929,11.863948294665358,15.761299032887475,81.9399360144655,17.051151393632402,-6.006005270799291,15.070947666223978,-5.397078655060698,-2.1196407287760453,1.4635309892057768,-12.950175528560468,-2.401637512874685,35.401417215613726
2021/2/15,0.0733,12.154487937630318,15.015417085290668,80.9995764756304,17.40537672325651,-5.947630154593132,15.45742822543568,-6.165353461369706,-3.1494781764614883,1.5718489168943397,-15.348891367880448,-2.378292948407174,34.148750272524154
2021/2/16,0.1145,10.696060877050073,16.695616652521796,81.61393956670706,12.8349769964809,-6.026340898336623,11.352069140378278,-3.671150897918785,-1.4439149434815377,5.316586721762363,-15.188692701465484,-2.4097664283427034,76.20990968967865
2021/2/17,0.0836,12.425738931089732,14.979249571008124,79.97624388807264,11.597548504350048,-6.914193906448659,10.001730320006356,-3.97649413744136,-2.8689398004728965,3.0460364287548503,-15.991343497094196,-2.7647936343117987,87.76155885634658
2021/2/18,0.027,8.148315221182827,11.568157706604742,66.27310564594504,17.38044674166533,-6.585217119685048,14.965369717879078,-6.143639401007528,-4.171896316712056,0.7013884634918973,-31.052342132597342,-2.633250913011141,46.35533496835092
2021/2/19,0.1839,7.468742795824411,12.364392562038583,68.56151623023281,17.173974761131248,-6.21084284120019,15.136447053676688,-7.090481125533742,-4.051882603609119,0.2725996683048856,-25.502478094850737,-2.483571660004582,60.27378472521976
2021/2/20,0.2122,9.473485184276628,13.15013472374211,69.1846670630032,18.35514364904718,-5.651455496758524,15.676731143215203,-7.248430956566057,-3.4915893669030167,0.1967948174182114,-18.266863064793608,-2.2598561680647973,55.39598334121448
2021/2/21,0.2276,10.022327957223007,15.039407423961176,68.0240229740967,19.1176768637182,-5.893220347839489,17.102010546161765,-6.668981877149108,-3.608292591000883,0.0162993214610321,-20.50429470285388,-2.356533807223701,63.88798010055984
2021/2/22,0.2135,12.923073346900596,16.810664260621103,75.4749764427377,19.71388008710033,-5.67369748052621,17.437604267380543,-6.025653092438272,-3.384919445053106,0.1368681438116064,-14.900483875209408,-2.268757773889866,27.139994490299312
2021/2/23,0.1466,14.10279222940392,19.08359695314589,77.40841223744073,13.596469489994051,-5.281087838770775,12.025445657156098,-3.5921059336770043,-1.8834144849415084,1.437236378540167,-16.295461148030768,-2.11176059146537,56.16631243334662
2021/2/24,0.1196,14.414015694090049,19.20678730723304,77.79131928485154,13.707003913256203,-5.22566556911422,12.124126145264816,-3.473819029197228,-2.029881933574554,0.4606587584543584,-19.59834243752893,-2.089592968106082,70.91307369646987
2021/2/25,0.1968,14.099385882576229,18.58616337163292,83.44558141029555,14.431630777129335,-4.487791239148514,12.75461804201424,-4.003681271163208,-2.436044498212847,1.1485131725124351,-11.12376452194745,-1.794554779382252,57.68591404392463
2021/2/26,0.2058,15.319097367489046,20.969395944159743,84.70187345314264,18.822150397267816,-5.470190461169973,16.621305688870056,-4.841504005550291,-3.950902184799139,5.899976687854357,-9.444520096481977,-2.18736630205139,36.30023978402841
2021/2/27,0.0823,15.417979934145478,19.740124947976803,86.48329808225363,15.314142543199644,-5.502653019351888,13.490135984811785,-3.394344377460193,-2.614054031927997,6.29188079160714,-8.167509902580548,-2.200359326673288,60.20663418197432
2021/2/28,0.1659,12.358333819540114,19.00350641876833,81.266751349968,17.694286487001946,-5.383403316605021,15.624862952055247,-4.2984674003535535,-4.17506708377231,0.6576117290079644,-11.861204254875576,-2.152676776675956,29.099599921208885
2021/3/1,0.1556,13.843406595220497,20.66264034209847,84.94206552123009,18.46703223262965,-4.811860296907715,16.31640670891126,-4.764469842937739,-4.546349432967947,0.557726219261576,-9.08713702875842,-1.9241229639136372,82.97056678128465
2021/3/2,0.072,15.33001261152271,19.3237984032719,80.07755449502916,15.017463888237126,-6.3077408640448525,13.242612365074487,-3.613069335893234,-3.208118182557148,4.0690370221408685,-13.91506390168762,-2.5223054543208647,95.06608175183688
2021/3/3,0.1402,14.538117421398356,18.208314343725547,79.28814240851374,14.21045403717272,-5.648805827922743,12.53488772159216,-3.565801755664128,-2.664716295924457,2.7019580119356075,-21.923823579270845,-2.258802439637803,88.47581353471858
2021/3/4,0.1903,13.704164371088712,19.28439353339882,83.16833156783434,15.598320359961756,-4.641009497726484,13.749215110720156,-3.3229171474361663,-3.32803815102319,4.522437677038907,-6.976991200739771,-1.8558098657545223,75.9702766859764
2021/3/5,0.0694,17.283649109043566,20.19001655100694,87.64851080119946,14.424158737154547,-4.404904101908534,12.718312881151892,-2.639450124262813,-2.8234485368428333,9.132805699616556,-9.174023927398077,-1.7613906627008171,78.60381720594465
2021/3/6,0.2199,18.24103818221809,21.99119357248621,88.23400748995243,17.382784221530862,-5.004321688260768,15.341862732402513,-3.782208573389376,-3.925625793718433,11.573024865596777,-6.843393517711508,-2.001083719571724,73.4994945410979
2021/3/7,0.1595,18.34097313021426,20.71878867574559,86.33490401505058,15.064961232360304,-5.375634559947432,13.27187336457946,-3.1967965025630267,-2.180521558968203,6.032964859059301,-10.658490383114462,-2.149564572832889,67.55998322262789
2021/3/8,0.1749,15.983670437973306,19.338567233780388,81.63430514118585,15.87269830794961,-6.398574235643642,13.983910636200465,-3.509911252471287,-3.433210674806908,1.285100647132526,-13.312522749918184,-2.558598622126984,34.53512291836693
2021/3/9,0.1492,13.931376951395611,19.126588505943936,82.74263425684977,16.690383636967912,-5.982183292633867,14.710872080041131,-4.099286459426974,-3.53769343172201,2.136937656542362,-11.06867999506752,-2.392115413729778,29.57911652400506
2021/3/10,0.027,14.79259064134196,19.173836317571077,84.94334328986315,15.051402743621884,-6.446338065213908,13.253956229691685,-3.6427673496005024,-2.7566947001618507,3.456112026447336,-18.309922040336104,-2.5777169224478587,67.00081661785318
2021/3/11,0.1595,13.004385687952857,18.654279197646925,81.2066235024754,17.80668935074976,-5.956726788085164,15.702738527799196,-4.173277334493776,-3.739077689083719,3.110398369962641,-14.573400095533865,-2.3819227010704305,37.652273602310544
2021/3/12,0.2212,14.468192608077842,18.888718584018488,83.42997204453283,17.605119908809147,-5.9294413764451805,15.51722054576043,-4.097008119995925,-3.941885935349603,3.6012813632011977,-10.13563889611612,-2.371017433065874,44.8682163868381
2021/3/13,0.1093,15.581907014474483,18.54734364271297,82.23009259423843,16.333171453110474,-6.980468915772425,14.37829647822545,-3.5170666152663217,-3.3312265152643734,2.846581288186991,-16.979652366941018,-2.7912958058554445,50.68296766361874
2021/3/14,0.1608,14.65340515807794,18.00593436617149,78.0493009331025,15.490659161110845,-6.071468751776239,13.62800930394793,-3.700062140558286,-3.8630591662295535,0.5362982467812155,-16.826683523229207,-2.4278154415529123,42.59766887952196
2021/3/15,0.2405,13.09787969688805,17.984014234818883,75.48689978350029,19.42019956705426,-6.410738002597961,17.108994195378045,-5.239973910751759,-4.519632665112505,0.1625394704034638,-22.478995810699345,-2.56346750168204,57.92338158562403
2021/3/16,0.1942,14.63882245340428,19.144625251283053,79.16309118432793,17.657889418212914,-5.825046443743398,15.564783595859424,-4.778390783480549,-4.169300328161318,1.127454258624695,-15.552830124723576,-2.3292730833834474,18.90225534221376
2021/3/17,0.1556,15.909222654662324,21.51450036580337,81.69811692529149,20.93386891516177,-5.923957935301436,18.442488964117054,-4.870532717997517,-4.9089960623442375,1.955268326421319,-13.463310322771278,-2.368826081339117,27.306447925171295
2021/3/18,0.2045,15.866479288351082,21.556927793143547,80.7623813951345,18.52176450768364,-5.521732105077423,16.312955068680516,-4.203343709773553,-4.683861247839863,0.8837694303457355,-11.379546020909192,-2.2079828394143783,18.02704144154294
2021/3/19,0.2276,16.546317055972665,20.539991520463737,83.41748537366125,20.542928469196305,-5.438649851067384,18.09673846437251,-4.68688237634678,-4.930819762803359,1.0138636508247916,-10.796267353621603,-2.1747679641449302,18.153683049138937
2021/3/20,0.2276,16.394275137427023,22.260863821093665,82.81948654573259,21.60562786196136,-5.74322019158542,19.02909135185942,-4.90804548879618,-5.512661980511842,2.1347683517099165,-9.155769105827163,-2.2965441125259023,29.658472655840704
2021/3/21,0.117,16.877188114230243,20.884763283964112,83.4143605120057,15.542517418568725,-6.8001143139401385,13.664292860089477,-3.073422413457102,-3.4553721701633595,6.739380679787904,-14.08300537240303,-2.719172135868093,81.47458674682275
2021/3/22,0.036,12.597761359410324,14.912120366396184,73.659798230098,11.966319723548631,-7.917518346108157,10.517837983763526,-2.8439660485547,-2.7737971202285863,2.431804835964817,-31.249359911729933,-3.165995134190116,96.64022036144276
2021/3/23,0.099,12.697542859807127,15.465691797965905,71.5994152435631,13.242620224568093,-6.524913257333878,11.65173295481409,-3.1062897559722256,-3.4791581644079788,1.8138322645068936,-32.030135809139615,-2.60913347805257,95.0474072853796
2021/3/24,0.0797,15.104492318503285,17.17938739597914,79.15861083187733,13.2913648632046,-6.5213908522362525,11.685975323422646,-3.0407215306582867,-2.2612971387807708,9.471265389917315,-16.86292464588835,-2.6077223139965424,78.58969389152156
2021/3/25,0.0823,12.2693918053411,17.707270915191767,75.76160898467565,22.956911599578905,-7.776038621435696,20.260821841245487,-6.697918744882203,-5.007684416349068,0.4865012594594696,-21.25667061737932,-3.109419909807753,44.846744349323416
2021/3/26,0.1788,13.828842758711405,18.562523033874346,74.62237728548243,20.97036110090461,-6.884634195669594,18.452617035995345,-5.258028865623206,-4.932790198753973,0.2375671488516615,-24.71520258427476,-2.752985567224828,54.81825002451814
2021/3/27,0.1865,15.093372514727015,19.3786736768596,80.16052212273092,20.32888860782408,-5.822467375083244,17.803671636214055,-4.821385380125223,-4.021342415211318,0.3022796217695379,-12.798187417564016,-2.328244894606778,65.05494756823072
2021/3/28,0.2109,16.77274471771976,21.983363529893506,83.52317191742033,22.795044250930783,-6.436784630176639,20.051737862570533,-5.151436437657112,-4.773868222741409,1.8310860740401709,-10.359069965025778,-2.5739027437062814,28.268228496159487
2021/3/29,0.1286,17.23251519522448,21.973402910912768,83.69022424773726,22.28491145725887,-5.995125388443688,19.660416551901957,-4.691244166823547,-5.783145123778387,1.498940756673467,-10.994172099866274,-2.397281654007762,26.187554451600796
2021/3/30,0.1685,18.84300919003283,22.90916390187268,82.56088547098436,21.61267394682204,-5.835335431438247,18.93447581280111,-4.469348991631852,-5.29750292174689,2.7696896117630168,-12.173722959399235,-2.3333882284813017,31.03783045769815
2021/3/31,0.1569,18.690615559401778,23.71786363820109,84.63059050201743,22.285732208361694,-5.9303951204900685,19.591853205363734,-5.05651461279109,-5.49030065942121,2.01056352791266,-7.563230462722764,-2.371408891356324,17.964761064306245
2021/4/1,0.2096,18.673164235869308,22.48676776135879,84.03824162762587,21.512035010130507,-6.029611915711794,18.85554262702349,-5.083186325229222,-5.66832786927882,0.6595902459386892,-9.56088029011017,-2.41106712492392,31.91894160664828
2021/4/2,0.2019,18.886669059003165,23.495465173845453,81.46535384623196,23.935933757967863,-6.562714072060566,21.03711301485532,-5.952191721222029,-5.56330415884814,1.346582517430568,-11.128674348102203,-2.6242270113432435,8.578393987768841
2021/4/3,0.1968,18.62630301424176,22.533348045921606,83.60278134267473,23.62120304054195,-6.091128269249277,20.75969639050632,-5.5563958870178745,-6.181614408223551,2.319878878371018,-8.741108138444233,-2.435675342982269,32.706083968283814
2021/4/4,0.0836,18.440685179578484,22.778139499684336,83.1790722185323,16.839311116657598,-6.705489567221944,14.783225210755894,-3.1812768972507595,-4.024777202022912,3.410025396036305,-12.173642979268784,-2.6813387908913624,61.69410068652505
2021/4/5,0.045,15.892546776929908,19.56604560850772,76.52554044913771,16.80405248281624,-7.560432234904972,14.809275036562418,-3.1361279926245524,-5.440769248354981,1.8514308385757696,-25.09107057325216,-3.0232031668021264,70.33804756858689
2021/4/6,0.0193,15.790662032424905,19.856781099752475,76.13431700422117,15.590013143837425,-6.208459651272282,13.656449082377726,-3.144091355861065,-5.045606401004769,0.3303429556722296,-16.01862507940482,-2.482589207120804,66.83088537950368
2021/4/7,0.0952,16.09113597947199,19.747588045408637,77.3678949581311,14.61504562162661,-6.424441598802824,12.840197346959952,-2.8510864569420558,-4.06392876202747,2.0206876182274143,-20.85308764092067,-2.568959176112857,52.22001509104913
2021/4/8,0.2238,16.106129976998922,20.058070274293023,79.4797367869732,13.659101604089948,-5.720517919521002,11.9959536282071,-2.517187961793164,-2.6078722764314586,4.39970818559458,-12.37152122230232,-2.2874709948942558,48.53868508659525
2021/4/9,0.0913,17.136672697945077,18.67558825020762,81.03717589736569,12.328075293275162,-7.307743656979646,10.819740749949723,-2.4980070007040136,-2.401547208004888,2.2956634363386508,-18.998501136121828,-2.922152195927918,77.79659366859455
2021/4/10,0.2173,16.424382337772066,19.690237673900757,78.41533722538685,16.793073454189013,-7.099813569983102,14.664574568962014,-3.647542202374007,-4.220240290404424,1.8222857226628149,-18.911154170189437,-2.839022854193617,62.075966005308544
2021/4/11,0.1955,14.625733339687764,20.45039907602617,82.9720330468966,16.854882781400867,-5.6367340445108445,14.802217938376495,-3.754298261837361,-3.632799444334265,3.994882498532469,-18.244885317400797,-2.253967627333682,47.67811134540722
2021/4/12,0.2122,16.784605687261944,21.192140652337827,80.78086856671551,21.870093319519512,-6.205295922546466,19.19753709159795,-4.558976891360348,-5.86137519123037,1.218609082130696,-17.65364129592919,-2.4813208794986923,20.00522752401138
2021/4/13,0.2392,17.310118834431663,23.012203128643755,83.97116357158289,20.84782669504385,-5.7476553169226685,18.29968235395477,-3.8475755228340622,-5.875325569895406,2.697546696492148,-13.29142837954019,-2.2983296721189035,29.636334566728472
2021/4/14,0.2289,20.082148707303705,22.58040873197556,86.53607213489592,16.795642775266842,-6.1210131330501225,14.734720719452277,-2.942398704165736,-3.634944167282177,9.48987124715578,-12.991729017964584,-2.4476158127302265,45.08031628842545
2021/4/15,0.1993,16.928672246754317,23.008569349308505,82.35841819999908,21.343070414461994,-6.259794165631062,18.716456015397657,-3.8373758167601126,-5.261691965926107,6.0817549932962445,-13.293214153092734,-2.5031064272159327,50.04320264249517
2021/4/16,0.1517,16.075080743286303,20.450638080665428,83.82302520720697,16.763197274820644,-6.00215338449067,14.945666544857566,-2.998663766498992,-4.020785055835905,4.942208250110105,-9.733739052633162,-2.400098527806504,47.69035215805639
2021/4/17,0.1003,17.593722062954456,20.069600684975438,80.5931185304372,15.983893466006522,-8.447414586008602,14.0220643629979,-3.1178251354584843,-2.9895039606552887,2.9198806115355485,-15.716663263583897,-3.3778969156730945,80.94003572631483
2021/4/18,0.216,13.310897163167224,19.51705342316556,65.72165788015224,21.057947075498184,-9.911314748165823,18.462789137642307,-4.712600685250796,-5.08253095414225,0.5712149073332052,-37.91535911473643,-3.96325989664113,86.53325358088962
2021/4/19,0.2122,14.09380845392451,18.98871653427716,70.13748089717518,17.76308703424456,-7.384349928646227,15.62894922178338,-3.959601832192909,-4.271265571552426,1.045071906759661,-30.131122498271253,-2.952791971123623,91.14596036263625
2021/4/20,0.1865,14.612089392038406,20.15618706624552,69.66911458402225,20.17459329872733,-7.637839378868936,17.680281833564344,-4.668193464142202,-4.676480253564118,0.5218752399667049,-33.68131340974804,-3.0541664435179783,92.08802718914215
2021/4/21,0.0733,15.558840101605922,21.68464593165056,73.7493969513755,22.12311850251195,-7.093720415743081,19.39043163420315,-4.963838447968696,-5.490952324649609,0.1365359991958943,-26.083320727482857,-2.83657826128744,64.99570711643395
2021/4/22,0.099,17.18951868242434,22.363216002814376,79.34105697142361,17.924806547221312,-5.821832184828938,15.698273371263245,-3.9237017365264615,-4.176903738169621,2.161551503586848,-15.974282918485509,-2.3279764085552044,52.887916598534765
2021/4/23,0.1286,17.38832863124956,21.79523455045645,82.06134106589124,20.745060030932382,-6.543984292622774,18.161874769814688,-4.557130238531766,-5.37893665058781,1.3101819738395537,-12.925514480325996,-2.61675129016729,28.056496919327245
2021/4/24,0.1247,16.97368134726885,21.32871559654019,81.76070650913064,18.74131043056562,-6.966326690615393,16.394303175715326,-3.969728434024749,-4.695432202312215,5.737290051411587,-13.379987369969218,-2.785633753837003,60.40032300030849
2021/4/25,0.0874,16.739555766604873,19.32098548432961,85.02486059022881,10.911966969092244,-5.45944981401224,9.602029487254134,-1.9750116339927264,-1.1145228006965615,16.518099759019737,-12.519244476255372,-2.183089197480773,93.44810261946544
2021/4/26,0.1325,16.00674864001336,19.557961606220537,76.00655277485184,14.497284259526792,-7.203955710007373,12.686959168259955,-2.8167906915938667,-2.8017391459535226,2.068261285687523,-24.26007248673278,-2.880654853274613,71.72475564498815
2021/4/27,0.2392,16.281892695669377,19.23914517141236,74.79948103430772,16.311258750393005,-5.349607928115796,14.276996746095096,-2.9790946257952613,-4.22944734605206,2.2875788784515074,-24.01719324376729,-2.139145755622522,78.05665392496239
2021/4/28,0.2431,17.734445356042965,19.43061917919168,77.20304358358317,18.1078706531008,-5.45278772374312,15.75023804882098,-2.815577543671986,-4.492728713622107,2.6859820315618346,-18.805404189472604,-2.180418795129917,81.16185177313528
2021/4/29,0.1273,18.52442640292314,19.82288946623351,81.23636180580262,15.391719300535868,-5.981662827797264,13.459440793963696,-2.838408371027282,-3.983488453559696,8.427230514502012,-13.837065205799329,-2.3918961781969936,85.81570458741126
2021/4/30,0.1813,18.434367161999,21.03779016599844,80.21550296115616,23.558706427819427,-8.932247668965129,19.87143147656257,-5.261083938754909,-3.958376181092036,0.3085887853114666,-12.36901712832048,-3.571758655381057,43.96653968933019
2021/5/1,0.162,18.36615197134937,22.679660400853145,75.01928073141781,22.886729972425183,-7.6427079194526355,19.56021682987176,-7.012147533275706,-3.661882175266566,0.0026272437390962,-15.217228383018512,-3.056110119904888,46.52005458168417
2021/5/2,0.1955,17.898586888974833,23.6496274453526,74.77258155838857,22.662822703216182,-7.686171255953652,19.770676341870352,-6.037850302252183,-5.156276231559442,0.2306425243356343,-13.259980097514465,-3.073485963273306,57.639430132205696
2021/5/3,0.1247,17.401379786294385,20.81430739476324,81.0309112054086,11.74325908998713,-5.046087963831419,10.250900327825097,-3.377773333763888,-1.472953745480826,2.47981775103797,-17.440443103756706,-2.0177837381433195,93.63652999459096
2021/5/4,0.18,19.6344627015932,21.855218127791098,85.4350023876879,21.34202313944971,-6.253473851296015,18.622354313259407,-3.5017238602166376,-4.827220782856655,2.635682184179124,-10.886936338434577,-2.5005777012431083,69.2927959189663
2021/5/5,0.1955,19.760236709666763,22.926314327500243,84.40106847859978,21.328723243275714,-7.779345194369419,18.398823532990217,-3.783181687798882,-4.337234495630767,13.975887182331832,-10.300795451811403,-3.110747062461436,56.53267199752203
2021/5/6,0.2572,19.790115005934,21.188517755652583,81.70612062213343,24.353573637623214,-7.297335505468053,21.22694309039297,-4.671414453962505,-5.279456449147666,0.8026395212980736,-14.56801079612455,-2.917988821230281,63.78123983973535
2021/5/7,0.2276,19.632672801439824,23.693993245046244,85.09659933722271,25.11659830423322,-6.992449208742218,21.887158139076806,-5.012974523885725,-6.751922618432799,1.0939489861856853,-10.619852169102677,-2.796075353409428,55.87220074431926
2021/5/8,0.189,20.48651943857804,24.953943342746296,84.82645765738457,25.051000480368128,-7.513660397772199,21.819666162900475,-4.996971867209547,-6.642290240670683,1.6439212451838716,-10.10409178136625,-3.004507099381685,37.33621916662823
2021/5/9,0.2263,20.372503841100155,23.25936394120824,85.70657099395308,25.628826329546342,-7.055413809409375,22.323501999847583,-5.625210158729866,-6.843206584861996,2.2506980535936782,-9.11020675197381,-2.821268079308893,47.563959005159575
2021/5/10,0.1595,20.788995398843227,23.965329873087768,83.72455397637827,24.14377425926296,-7.993696743355373,20.967616467441506,-4.688039485932764,-5.338970150415157,3.3643904798784914,-10.385595568307105,-3.1964621081915823,51.62364833749946
2021/5/11,0.2006,20.89457877521292,24.86092784330486,82.81051022133886,25.696291491547115,-7.7205927685261875,22.3602292420956,-5.595140577204724,-4.498424035872283,0.445956492343745,-11.740922043918255,-3.087237343855707,16.12220486920162
2021/5/12,0.2083,21.22559910420711,25.703435162847107,81.45445162050527,26.409992656487702,-7.469841389871511,22.97655826462178,-6.149732785171075,-6.349686892577937,0.9612214275463776,-12.041698537721953,-2.9869997995911723,19.814330997588414
2021/5/13,0.2431,21.91816054088791,25.19780000787045,85.56434579168473,24.20253596111836,-7.14469658524773,21.05112283489868,-4.796187140470972,-5.057079085968645,2.726943362061438,-10.46738806035058,-2.8569618611592085,16.438010843022212
2021/5/14,0.2469,22.030199661809466,25.745340964861967,81.46148098643124,25.75478128598338,-8.361580312120227,22.39058027003004,-5.285055912393933,-4.900130929947245,1.2799237151373568,-15.9807502192001,-3.34356413474748,23.64097696238346
2021/5/15,0.1672,21.673429444212445,26.18444583678608,82.15416969372694,24.73809387885588,-8.313546708493485,21.47506220686861,-5.165328804594548,-5.780069059002782,0.3132462053036582,-14.670424608262143,-3.324351822874465,26.38680492251974
2021/5/16,0.207,21.73625618237744,26.39625460981863,81.48592322412648,26.56738522260508,-8.465336229082023,23.0638818493642,-5.229379174878405,-5.007552403444075,0.5749588416335983,-12.96711310506172,-3.385055584415357,8.563734482168083
2021/5/17,0.1839,21.923450694282707,26.101661906313,85.60385073795744,24.09635986526145,-6.917600708644521,20.93532498875835,-5.240254326007695,-6.926430633910054,1.571734101015586,-10.075522176932177,-2.7661489672866426,6.794379886146642
2021/5/18,0.2289,21.5975075055971,25.483138853142336,85.58778802072004,24.02513937805439,-6.954136996247493,20.87204854332212,-4.909212827033696,-7.100462769978945,4.563287686746538,-7.901422664371044,-2.7807739167079704,17.195189026460024
2021/5/19,0.2315,21.745641760445974,25.31132547884274,86.26684009461472,23.1806422168007,-7.102360106906545,20.1245534126341,-4.72579273531034,-6.605589828645782,1.593000624275094,-8.588380331664931,-2.840034295567871,20.845722902274915
2021/5/20,0.1543,21.99764204333388,26.303605430605156,84.59688875519589,23.986229389098888,-7.183351590201094,20.82044361791916,-5.060311360769038,-6.563886062511947,1.1262771838550003,-12.221732534651071,-2.8724175176708844,53.494013944779454
2021/5/21,0.2238,22.84519381824842,26.792910887314846,83.00487590920571,24.222526708076707,-7.138193492278345,21.027902734921504,-5.156162091710359,-6.813779592141765,3.0446982159246967,-12.601102843735584,-2.8543517321470384,57.29634684733923
2021/5/22,0.2418,22.467060998351585,26.86435940676895,81.59891819900449,24.525676541185582,-7.52398703216615,21.286537382683807,-5.176033296764235,-7.169601656649284,4.722053595385445,-13.353018169797114,-3.00863436461625,68.83689586473295
2021/5/23,0.2353,22.07088104559232,26.31203725150126,83.22711895877923,22.85591445572457,-6.720024979814455,19.8353919303174,-4.812651837689584,-6.355080085347733,2.2969082442070885,-11.864637160885549,-2.6871570222977463,48.83128651420285
2021/5/24,0.2392,22.856585139524437,26.48842249992301,84.97037197103842,22.759853301468976,-7.705614399921693,19.7436695426811,-4.447663196423571,-6.506589995622715,6.793538932496819,-11.464994583697342,-3.0812542164546706,44.76808359798088
2021/5/25,0.2418,20.566123618084557,24.50010401087947,84.69249761425509,18.82526789236271,-7.668187918681886,16.354095454328707,-2.962491825128862,-4.44244065702745,5.321023328743667,-8.944723059902367,-3.0662956703325994,25.134061436047805
2021/5/26,0.2443,21.29011787542167,25.288827821171004,80.69237978419726,22.6961781106934,-8.991524126860728,19.803476141726257,-3.7976222551846712,-5.22638792731952,1.6292314969427046,-13.570224727548933,-3.595457774043347,12.223197939275272
2021/5/27,0.1132,22.9693903717764,27.266660002147063,78.45090698834818,26.518407449852603,-8.76653646978781,22.979598005262822,-5.79443754315436,-6.508530739186373,0.6681510961343851,-19.050154340509717,-3.505475416415108,30.34178152734865
2021/5/28,0.2289,23.08744658353677,27.65406811142144,79.63212348376157,24.73981640320968,-8.186792558997311,21.43455989892836,-5.265049434891278,-6.533908869985671,2.741760672964642,-18.785316948527043,-3.273676970882014,18.592690328074543
2021/5/29,0.207,22.76788152369032,26.3800281561998,84.8176114551533,20.34003682727369,-7.106291862757963,17.63358598054969,-3.8606720602136497,-3.663628494248586,11.536181339432586,-9.3687892506645,-2.841602948688733,60.82726543419016
2021/5/30,0.1466,22.58207928810551,25.47179650332197,82.5374582641933,15.354169273880792,-6.250187202076477,13.304869680254487,-3.307208537397613,-3.741020734538592,5.700361559276612,-15.947655927093852,-2.499270381480998,64.80552908124005
2021/5/31,0.1466,21.07368745513946,24.329543543031043,86.84350862689391,18.14506119576073,-6.515913689024346,15.723206112311608,-3.395829660466193,-5.275325959692696,13.289913949225296,-12.077337931580052,-2.605527542428858,42.74685663783456
2021/6/1,0.2148,21.64907685847654,23.45617926851012,88.4201526034474,13.975699738441488,-5.869365583826317,12.129324678516983,-1.8128283408809691,-2.443933724924692,16.811011910400122,-8.158001400851681,-2.347002097551252,48.10210657121704
2021/6/2,0.2431,22.88128693020343,24.85270822832843,85.61576375116412,23.586026993038317,-8.000671152010208,20.41330495440253,-3.9080087226042415,-4.220294411788869,4.742656637087973,-10.866705352644653,-3.199240024664899,69.01195677118332
2021/6/3,0.2366,23.2069813312956,25.93208533942579,85.56386849814827,24.183391026839747,-8.247702623113494,20.91140998411424,-4.488970379994225,-4.908128888295511,1.4846513588515762,-11.07282024346327,-3.298026073923507,52.90526258265456
2021/6/4,0.1903,23.729159207105493,26.74842669875939,85.95350851893794,18.996235277663377,-10.387796509790952,16.42854373117644,-3.131217332296296,-2.2708576667252824,13.549852763300391,-13.741082570937191,-4.153786566469105,43.27141151982435
2021/6/5,0.09,22.716953487013583,23.078647424564316,90.4610577257698,7.935306604888636,-12.42723384500092,6.864609881206301,-1.8473272643498948,6.431883985265033,27.947268923491404,-9.794242276170907,-4.96930950568462,81.70198916508295
2021/6/6,0.0592,22.35421905997277,23.19979321792381,91.00301638555368,5.704941557601584,-15.309094783628726,4.9275685310446296,-1.576826268600918,9.74210010257913,52.82651957969088,-9.205054809856254,-6.121671096135149,93.91604016249212
2021/6/7,0.1646,22.207506007515548,24.492614601829697,88.11357399242425,10.825526377249892,-9.143570021643022,9.353062656179144,-2.57829628886544,1.4436887228803634,13.621340176106036,-6.239627233236515,-3.6562607194077774,84.77515592048142
2021/6/8,0.1273,21.692629131022272,24.09490560375194,86.76878358037052,16.715658185797473,-10.612022862636527,14.431781978982023,-3.0922893335129062,-1.050715799817319,6.08834056407551,-12.28910239476942,-4.243466729087496,91.57232919179916
2021/6/9,0.2225,22.28319514121469,24.543294735520355,86.0180667190008,19.63879050366373,-10.182611638618445,17.182165349857254,-3.311390113729603,-2.950366749301301,6.314871110888782,-12.293936075346677,-4.071729554259775,91.35049008611088
2021/6/10,0.1839,22.618160848198304,24.757861380883902,87.55045588122499,19.198730056117046,-10.533964415221837,16.567513496991232,-3.1382854824447586,-2.8750035393335533,5.0333425047159,-11.413060486544753,-4.212244817599053,72.57521368810508
2021/6/11,0.2251,22.93791406986797,25.22340884989535,86.41254135648177,23.194351577489744,-12.412480903289984,20.01281326152168,-3.3689333673490443,-2.6382386540837235,6.490204767214075,-12.347234100566853,-4.963412778666408,41.35610647177659
2021/6/12,0.1736,22.96892032969033,25.34532480021391,86.57116540040715,20.2230862210842,-11.990787015852495,17.434253722834544,-3.0779846957542807,-2.2563903102662843,6.569079368190268,-12.512198950524835,-4.794782853291864,62.46923609438478
2021/6/13,0.1916,23.25454927977092,25.708068757259237,86.84475251658527,21.31943653530782,-10.359182087925184,18.39481211915374,-3.327652466444958,-3.1673265695574804,4.45578269762553,-9.779160246411552,-4.142360855763819,64.8522895747221
2021/6/14,0.2508,23.27679973489711,26.28048823616725,82.77732357225663,23.45259611162186,-11.092258312223692,20.222699369910504,-3.647438132825618,-2.952291442387041,1.7667118499601442,-15.63471674426659,-4.435472556902555,63.179593421192926
2021/6/15,0.2572,23.238192283020854,26.583563712723485,83.1680781601869,23.495614530526822,-11.942078003869565,20.22059538110765,-3.671558943088973,-2.6659242920092145,2.033084915001233,-17.631885204107558,-4.775286608994994,43.54377714289359
2021/6/16,0.2289,23.94132975689358,27.043232351526058,82.87193117344923,22.77766835297001,-12.70270561815938,19.58734055557644,-3.6932669166613072,-1.971902779470448,3.268382017300622,-16.85462738843018,-5.079462766084756,28.83437178971254
2021/6/17,0.2135,23.618564172444398,27.174327600630967,81.05742596170022,23.406654243492312,-11.701022095945152,20.139639801242247,-3.785605961883656,-2.808311137783152,2.192845467741371,-17.746324408603755,-4.67889948404947,42.17650150345653
2021/6/18,0.2482,23.76053713324573,27.32716359849389,80.70486821587204,24.64310960822021,-11.94488378309422,21.246991776246468,-3.745602493278009,-2.893542144081353,1.6891053041773971,-17.256468495076035,-4.776424069190174,21.5017380355127
2021/6/19,0.2392,24.40066236886545,27.136605433432265,82.83000060254255,22.76191511504697,-11.402516097189537,19.62500520848173,-3.790513539641797,-2.644551352420163,3.3463062604866725,-15.028440297425018,-4.559532531771035,44.67765132177716
2021/6/20,0.1247,24.093793230977685,26.97391885429448,85.30083621834058,17.993812082623137,-10.60687825988278,15.511893535074412,-3.298703020995257,-1.2986082438927578,8.200919270830434,-13.44903164105419,-4.241404107130489,87.42069175172072
2021/6/21,0.1119,23.686984874227303,26.13350693757762,86.95608291397784,13.44758061831146,-11.391722989518264,11.59942379693851,-2.6881949503105136,2.161058484141124,14.609649538601206,-11.88951678392597,-4.55524532594171,83.27036037747064
2021/6/22,0.0965,23.03592318248468,24.66464618917446,91.03312807523056,4.318664601536095,-13.742944326662062,3.725559037367237,-1.4840830265062,9.662241382358031,48.77975340720745,-9.728593738798647,-5.495411183290379,90.79722181034164
2021/6/23,0.0887,22.234422584478864,23.12761523769392,90.37409948574668,4.527149889415584,-11.52819930317381,3.9044230005629945,-1.973914634032636,7.516131608554704,19.246587966781707,-7.650904176658219,-4.609796117257729,82.02605974355387
2021/6/24,0.162,21.262555467270477,23.66250993963492,87.22354893187412,12.358805807386128,-12.153674065012686,10.64835803742086,-2.175203403376892,4.058071885443773,19.604503541116763,-9.31552455933015,-4.85990791453672,88.12785685478309
2021/6/25,0.1363,21.677014748953283,24.425016892005694,88.87061889074603,12.34450571192726,-14.558785349505872,10.650712981284656,-2.4695478792162877,3.6831690513106095,6.141880544231225,-9.367004951242414,-5.8216641896420205,90.06867978657667
2021/6/26,0.2019,22.57605948710556,25.16403014394495,86.79541029409386,15.186747897163873,-13.73693442879627,12.979391913517588,-2.6957657864640683,2.4694309621789863,6.914896698158818,-11.014007437266768,-5.493013843114819,74.14083168878747
2021/6/27,0.0347,23.286466286956617,25.587443217969163,85.61157963047347,15.455411514894152,-13.400172894913103,13.33516960795927,-2.550016210146547,2.029845621046812,7.293169673899976,-12.27687337740949,-5.358352735361321,71.03665181474345
2021/6/28,0.1762,23.453921721125784,25.219037769939725,85.62492888410685,17.28170305981364,-12.814249773823796,14.895558526456332,-2.15694811201788,1.2194174915207745,8.489016243104196,-12.625723085731307,-5.124067826975167,75.29482737364357
2021/6/29,0.1415,23.35204719530828,24.895348858517615,84.34415125443371,16.38358903515425,-10.83415500710414,14.125702393888137,-1.930197459703555,0.1192394752174932,7.198679932063617,-12.275462515671204,-4.332272769540017,90.29553816594864
2021/6/30,0.2405,23.114857885005332,25.4837515531213,79.75765083814517,25.722104158200693,-12.5722232926051,22.1703603856261,-5.120565625803456,-1.1688525395833782,0.7272000812258821,-14.614599769424787,-5.027284991863319,81.31114157514915
2021/7/1,0.1698,23.117792870890977,25.67486428356958,80.22692509408843,24.50139126165898,-11.806973472179696,21.118748230624472,-5.029814006090562,-2.3525153865609463,1.6869454282762912,-15.435571321219337,-4.721276868713391,58.41116963441612
2021/7/2,0.0977,23.284401025139687,26.44125975830675,82.58329042881391,25.66503550324298,-11.852353805182917,21.985166347000412,-4.266646688420487,-2.895684451545857,1.0285051779810184,-16.22558121973427,-4.739413067049482,29.61167862552491
2021/7/3,0.2328,23.413800818117444,26.72057492633609,82.39040809296101,24.606275033618417,-12.101139326210816,21.097382827671083,-3.6335702306155495,-2.865533094074812,0.6970837735837956,-14.154358547664376,-4.8388991239125625,50.42331450968661
2021/7/4,0.2199,23.42197176436132,26.87549866078602,80.39552297198856,25.45512296132351,-12.573639858865164,21.682469261038456,-4.5687282931914925,-3.318205427422808,1.288093177198936,-17.999702144471964,-5.027826072889074,58.10306672696516
2021/7/5,0.1427,22.908368159900228,26.884794584839597,79.42074433686062,22.652695736521792,-13.94379334772868,19.637733445954883,-4.327948944380614,-2.817894824414066,1.106412673015644,-20.36113111765864,-5.575737425174087,36.94852659793822
2021/7/6,0.2225,23.30694561847021,26.5191101778214,87.53912673622858,16.94420499013433,-14.55293288207388,14.60843351886175,-2.728937741228349,1.6729686980981802,12.22063642066499,-14.043366320271977,-5.819327043591281,71.34831708969818
2021/7/7,0.1993,23.24588558417975,26.84438976185761,85.27475082328675,24.39284315567974,-13.15348333394029,21.0239872186116,-3.889913017237404,-3.1393096766812176,2.148966832793065,-13.372746087628204,-5.259716818636276,46.07021400603769
2021/7/8,0.2379,22.99565561825659,27.23214820566387,83.4091809294635,27.306297096197845,-12.723799327762109,23.52598896874469,-5.038812390437643,-3.8470743585296807,0.4609180962222798,-14.884410373355635,-5.087893820142417,8.496710394905367
2021/7/9,0.2366,22.96093036525155,27.43082989639423,81.80190107182736,26.931199478974055,-12.437773160217636,23.209631425163543,-5.010680519945273,-3.347517824964048,0.3435381523940332,-15.682692452329338,-4.973500619166564,15.240304718555068
2021/7/10,0.2405,22.89578148533566,27.51405550051923,81.71029068147959,25.829377510695668,-12.28158568112698,22.085431094317038,-5.139233996023825,-3.792731744911787,0.586957029928163,-16.247876460338986,-4.911064664834082,22.22375945634072
2021/7/11,0.2341,23.037332186102404,27.43991181598393,81.97175910724911,24.33689593485102,-11.663355825099677,21.0151371633152,-4.763484964045744,-3.5606567320810845,0.8081315585145215,-17.163427908687883,-4.663847388748071,49.86256122490967
2021/7/12,0.2251,23.56825192090914,27.41810481354203,82.98409585404204,23.190742532368382,-11.218984459487958,19.98304683601517,-4.473844046753717,-3.704269004486157,0.4748424854273462,-15.31346742512265,-4.486146807939462,69.07924307306627
2021/7/13,0.2251,23.837301322359696,27.379190709218648,84.76428043146493,23.646851184112293,-11.190380953833555,20.37604508488179,-4.480701287167829,-4.134504116069853,1.4324011934887877,-13.824452237282603,-4.474717718033395,35.47990452586656
2021/7/14,0.2032,23.43046128727893,27.305140881452136,80.51619635782032,25.03340254866581,-12.33438571867074,21.57130689196938,-4.724570860032278,-4.110530415997068,1.9295419461125825,-18.664621783172503,-4.932169573380209,41.623617272293416
2021/7/15,0.0489,22.61604898917418,27.031210440365825,82.79673176928323,19.674623359038183,-11.118887162525615,17.098810844074087,-4.4230646306170485,-3.2094869395420016,2.8955978417925725,-16.43627903716982,-4.446130791143467,34.57796013585547
2021/7/16,0.2006,22.85389417747747,26.626078266877634,81.7657398737791,21.714649769019346,-10.93778274260888,18.681386674159647,-4.162529829505885,-3.7951247021856807,3.38565732892087,-16.765109970166094,-4.373714601356667,36.35517093229316
2021/7/17,0.2148,22.67483146898205,26.523573094061447,79.08872931400738,22.080889755598765,-11.100060002803694,19.050945827853,-4.448212029246044,-3.381428603037325,1.0585187421522473,-18.1483391942468,-4.438590923619878,50.91489934691408
2021/7/18,0.2405,22.68955000692973,26.18104677663301,79.19031745795415,25.15486879110297,-11.90286118064516,21.65140441404248,-3.873694322501767,-3.136831185157217,1.4780243004082163,-17.23920500771556,-4.759616630463515,46.19783410699706
2021/7/19,0.1762,22.89928299547605,26.243927186054677,81.94744484030454,18.878037330714378,-10.43995053386968,16.25427136348186,-3.4605669791082527,-2.331896537878455,3.4518260110801884,-14.771793967912403,-4.174654634301362,34.88049497964015
2021/7/20,0.1659,23.049948544233416,26.647848038506943,83.13598488419608,18.22941585610041,-10.841454442841762,15.696305392322152,-3.622526257885016,-1.2129562449729994,6.353593862070277,-10.198763577954097,-4.335191593848696,58.51762346905722
2021/7/21,0.2238,22.86391536543108,27.161623224683964,82.43437125221689,21.81718294909151,-11.376323812792752,18.66201465074941,-3.950361671599416,-2.830069785252622,2.8588433130926485,-13.379920668294805,-4.549080528737084,59.11375106367017
2021/7/22,0.1569,23.04645773158425,27.28943552248404,82.71978205813878,17.060004897851407,-9.988629481428676,14.6592729369048,-3.081542902214051,-0.9009438883287366,6.765039278454802,-16.863664232986324,-3.994203914840696,70.6201395413451
2021/7/23,0.18,23.304090174109103,27.161790734875837,83.9779854939959,18.196720908951765,-9.920978617357992,15.61422140303366,-3.3807914494906086,-1.582220289135023,8.734190943191413,-23.35256751805226,-3.967127981809072,88.99502877152389
2021/7/24,0.2148,23.13402304302761,27.229777984249296,81.13611685547755,22.151502679779668,-11.942356193463327,19.01140294960297,-3.9204700505650623,-2.2489676509187406,3.96232025972404,-25.446073939035784,-4.775416684997218,75.50678043030463
2021/7/25,0.1543,23.520536571041177,27.686336019562237,81.39136664105055,23.30404759684544,-15.417243894035972,20.040826174391118,-3.78242034329948,1.323275074508098,5.921282395423243,-17.82154054656813,-6.164955243133652,66.68700565393891
2021/7/26,0.2032,23.720016265436737,27.736100287916777,82.47927520011865,22.044985294417422,-13.862724849409975,18.937042667446956,-3.812737256638704,0.0616361931497237,1.9456094302758151,-16.949564016461533,-5.543313114269392,65.66365985711816
2021/7/27,0.1839,24.376947403482337,27.9924460542432,84.64035047623086,20.66608510042205,-11.714606254550752,17.734740614899323,-3.762448180536346,-2.042910806024995,3.9279863338343,-12.885448121902638,-4.684359147567831,65.37564541898543
2021/7/28,0.1852,24.829678338136475,27.680507313350347,86.12481960231388,21.420071757710105,-11.457777475785456,18.396823781486056,-3.4750791138346284,-3.055017104664527,6.450591904345582,-12.235681471182076,-4.581649489651601,50.98088498349587
2021/7/29,0.1646,24.38133600294318,26.749636716690507,87.33667716123513,13.52148655817306,-10.838912609426297,11.58401899715138,-2.8087326231713208,1.1955816450525276,10.435217247676023,-9.87754780225676,-4.334173754452951,66.87259703781748
2021/7/30,0.045,24.06700876777854,25.95883123388532,89.49475627773452,10.358781544073352,-13.129312750137712,8.924095275773528,-2.371656131510312,5.200900966737043,27.19230235698155,-8.95765762502161,-5.250051547162435,89.71218161858398
2021/7/31,0.0733,23.783521460904986,25.635744110945478,89.8572784724436,9.008824448478986,-13.011737156023036,7.740286819934031,-2.0635132399288434,5.499017399286336,30.23865077824788,-9.25166446513042,-5.203035352050669,90.72134745757242
2021/8/1,0.0026,23.772031676130577,25.48295253876424,90.880703947144,8.675536647193592,-14.137413691146747,7.446493150458023,-1.964407044489349,6.3341481093176135,54.97279949039479,-11.02914372236339,-5.653157363452376,94.33521382182806
2021/8/2,0.0463,23.699988131199845,26.08451509580753,92.23193063870175,6.084015665116098,-14.64882751332362,5.240661066190386,-1.7370327929535856,6.4867152378707775,40.00337334727207,-9.7464513041201,-5.857652004395158,92.46642205767871
2021/8/3,0.1273,23.611531107179708,25.651290377338302,89.74009540326492,13.210137349598128,-16.392033148589114,11.338365439569824,-2.1472857047640206,7.208258426956532,23.051561998239883,-10.94533758931221,-6.554725791608247,88.29466120268071
2021/8/4,0.045,23.62348082172187,24.95453465105455,92.04438703810256,6.5263993933442,-14.652992357400564,5.609991631266142,-1.5181745487349156,9.24391756145296,35.93164712319838,-8.954907509863475,-5.859317037513415,93.33900323143256
2021/8/5,0.1235,23.59205174661501,24.556473403129043,91.35872152235156,11.582025777167546,-13.45214934458122,9.911843583471557,-1.5107564555358342,6.549444420302352,27.50794601125508,-10.61125462752844,-5.379132257649991,97.53972835324063
2021/8/6,0.1016,23.739223644738612,24.767793174696457,92.36226022433104,9.477147792961826,-14.472966959314087,8.051473271921445,-1.4359376924473488,8.990981502390738,41.093857353090456,-10.381889802257888,-5.787336006509529,96.81157969741751
2021/8/7,0.0257,23.518823934027672,25.704292408274064,91.29785853022516,6.477489999620455,-16.103048716346947,5.536852632086484,-1.517369705349545,12.044472777760056,51.34787760874606,-13.102365393445131,-6.439151025671512,95.08784610910736
2021/8/8,0.018,24.239586656259988,26.21489072884623,91.58767917876636,6.818120507519512,-13.005930545173314,5.84591428488112,-1.98821863037478,5.898516156011115,32.583251794863465,-9.45054083625044,-5.200699108249314,87.81897448941257
2021/8/9,0.1389,24.124521312207364,26.10779837281995,88.31825434960662,18.18216484571075,-11.00637502797739,15.642289529347178,-2.611020363217233,-1.6813199347809218,10.765988771923253,-9.732736419869314,-4.401152070904785,74.92165698765152
2021/8/10,0.0849,23.906640569726264,25.911179947157724,88.44696315900542,19.65700344845182,-11.023829081521953,16.816387150030376,-2.7388974159873007,-1.4968697862723044,6.632416875667441,-9.375678660914676,-477893120.20097005,36.779175245230334
2021/8/11,0.2199,23.816738181860003,25.644088261670856,88.67417040096281,20.52935638514069,-11.22696463050136,17.33776440643368,-2.5495112305071257,-1.8272534066013804,9.412261377977996,-9.688162633459582,-4.489345731579841,69.44888303060131
2021/8/12,0.1402,23.895335543076747,25.64303204359529,87.98923008026456,17.23223482434494,-10.88895914656125,14.735018043124414,-2.655742107619869,-0.7171893017823168,7.194798723202578,-9.041673171770466,-4.354187419411927,70.47546040976854
2021/8/13,0.0965,23.585517783497995,25.62302706301065,86.65070816243195,17.5643133439408,-13.376272035876854,15.029384045440782,-2.681652086528561,1.1952502784071477,9.059805743244857,-11.313725410509235,-5.277046365528941,72.78971009133001
2021/8/14,0.2212,23.44233187977453,25.42144477081469,87.47700543077622,21.08775877298038,-13.963286512141222,17.974963685012764,-2.6223042371111966,-0.3417214539710036,12.070841037129162,-12.93002450321335,-5.583531062993684,84.2627523960716
2021/8/15,0.2482,23.35075547886981,25.553923676750497,84.9009694451464,23.23096294728888,-10.791979284586636,19.838987184053344,-2.9377928513482225,-2.3919341389781623,2.290361824059166,-10.624060953659392,-4.31542156215383,86.26202155700254
2021/8/16,0.2418,23.53578949655717,25.91004434579705,86.41000158597234,22.213448445068916,-10.921104216239057,18.970893191590253,-3.9202181064474666,-2.803349174971447,3.468465947238549,-9.751852720700008,-4.367048037076622,32.66612459614034
2021/8/17,0.2315,23.576530024786827,26.19862124607986,85.576348907714,23.465528448696283,-11.470955541435409,20.03714383717037,-4.258762310088171,-3.387260159915357,3.421786065987267,-10.311037889843703,-4.586913948345156,51.00409815797648
2021/8/18,0.1916,22.917367449443823,24.887963411984416,86.41582869991741,20.49043049390285,-10.29648192166737,17.489046279989424,-2.7036373288465865,-2.7549022284981497,4.926976982547118,-9.078773855366457,-4.117253829220149,84.5174895403203
2021/8/19,0.1209,22.756901918521464,24.79980437889155,87.21427513212299,19.056983356513285,-9.983671581074365,16.267572033431914,-3.45803227132728,-2.4798958077226296,8.4650770182115,-8.228030651775693,-3.99219238186134,68.04356116167855
2021/8/20,0.2289,22.90164809506601,25.41096800383862,85.7335407301974,21.309246198212367,-11.20217670555377,18.150447902385476,-3.338282234974188,-2.39010331979176,3.8217371393484574,-10.00716248940675,-4.479447363465202,58.47945556121262
2021/8/21,0.2366,23.43702950393556,25.62215614886865,85.59627728136023,22.090015476981137,-10.967273472302187,18.874729089698967,-3.232033801868995,-2.6350955171478896,5.941499734296055,-8.944883002927437,-4.385496551089268,60.74403734902947
2021/8/22,0.1865,23.510039871177604,25.75656919911702,85.22870680805399,21.48707246233769,-10.637477101975785,18.38545761717016,-3.690073474178919,-2.6984925963349617,4.39939034302598,-11.131963661488172,-4.253636538831348,54.89517042599043
2021/8/23,0.1145,23.137960033233185,26.116675732588945,84.32320959968597,21.26984268308423,-11.496691903233,18.18055689169849,-3.9283537100243606,-2.31106349213859,2.6931986617333177,-12.103349320503757,-4.597194130004331,27.217746016629867
2021/8/24,0.2096,22.96814102677857,26.19910283958663,86.10781591378428,21.641885805528407,-11.62339547094145,18.4611092025064,-3.9132904249308784,-2.7347295342461395,2.8712310763215623,-11.689670592403331,-4.64788402588167,54.58863470102008
2021/8/25,0.2186,23.37421956782552,26.168994694304708,85.2752060462173,21.747144169202315,-10.55567639327806,18.542630386411545,-3.6759850305833393,-2.9046199787546696,3.4508928744723093,-11.17978088534894,-4.220916017922127,48.93934838464639
2021/8/26,0.2289,23.165119202006466,26.071575829084036,81.49623982700038,23.52961829362332,-12.00535036242442,19.94243343245605,-4.422999929128607,-3.0115245506168744,0.9072189926616104,-17.278271003285056,-4.800618949210403,20.800629256408072
2021/8/27,0.2109,22.54670663072161,25.797104931744173,77.77828405580252,24.3189196147305,-12.65348889344922,20.74459300609301,-4.979716275439676,-3.032503529240669,0.481611681680953,-19.286694713057518,-5.059794678631015,17.89448506942013
2021/8/28,0.2379,22.498005307559872,25.96322112124824,78.79995260243602,24.189726737456585,-12.07468681670973,20.68056663155332,-4.880706048879002,-3.0849467285475134,0.6707826985956483,-20.076473255276333,-4.828322699942617,33.560526239710576
2021/8/29,0.2328,22.55114668037051,26.129499605918728,79.71448427764909,24.114439608850333,-11.703687108852186,20.577327743267595,-4.948771659581929,-2.8564017921814218,0.9846748481232322,-20.040347245096022,-4.679979585128923,40.71541021950432
2021/8/30,0.0463,22.17938846005748,25.822371850808672,82.30691754340333,13.438595147609986,-9.84939659424855,11.490730907769954,-3.5972707897445217,-0.9816542585831484,0.6637370053368968,-15.489193949465832,-3.9385097792624864,48.828910440281376
2021/8/31,0.1543,23.01233941859521,25.947535890990597,82.43530376421296,20.93571195405552,-12.493786392387978,17.925927570108332,-3.89403915786638,-2.2585125495241725,1.8232946481532677,-17.412008244962763,-4.9959124270675375,47.80369586221972
2021/9/1,0.1685,22.642092730078403,26.24331317346003,83.69799505315777,22.085225384999237,-11.07348963897075,18.91510401406993,-4.365632155040442,-3.000752031536281,1.380160100217142,-14.759657810910776,-4.427974480820804,11.83572762060355
2021/9/2,0.1646,22.751542915144128,26.306054079201942,82.50691815359917,22.342378665328383,-10.812494971056037,19.11752530577849,-4.215394059680175,-3.240000690318709,1.8609067240453263,-12.543607155472792,-4.323611266042236,25.35203034023596
2021/9/3,0.2341,22.90714513576347,26.069745918100963,82.75562626220784,20.937255414669128,-10.65081983924566,17.952359208230867,-4.061175685454293,-3.072012280592725,4.267806425823268,-10.887867771263611,-4.258965818993024,26.643573928464885
2021/9/4,0.1813,22.584562906333645,25.999189430367807,80.78177756347826,20.846219692748512,-10.670292360550846,17.891210868674236,-4.11975433974852,-2.828666369541065,2.494972406521034,-14.089936284741771,-4.2667532185952,30.49114451183441
2021/9/5,0.1852,22.51224899045311,26.30435140755769,83.81319150345611,19.26986115849907,-10.631488457120003,16.559988023401036,-3.8945396353106423,-2.632473265733222,2.3747740546646696,-13.703632128155306,-4.251237029528276,34.05717467870666
2021/9/6,0.2135,22.946905438865898,26.480356604138933,82.6824886132727,22.59238552078582,-11.264787616709292,19.339910982517768,-3.938256040637353,-2.960239243516188,3.96625918063743,-16.465617561242993,-4.504475060051717,50.86253131216673
2021/9/7,0.2315,22.855979783263805,26.04148902382533,80.46413314352245,24.132747437666385,-11.258111500058009,20.65114563177091,-4.827236918249589,-3.018795607477132,2.2799096217322297,-14.755679661504711,-4.501794689600452,15.076292681447535
2021/9/8,0.2315,22.47263031499171,25.545132882672185,77.05101282523908,24.42035287120189,-11.733069452978649,20.83150203889704,-4.989553629263066,-2.448683954763287,2.225861223708873,-11.171371371420436,-4.691729931411777,15.907493141827462
2021/9/9,0.2109,22.14311568716577,25.88480468412679,76.79389287863259,22.840397980704157,-11.935823949825696,19.01443236964469,-4.560563841460482,-2.158365817300729,0.08522255011664,-18.343274732068195,-4.772810201978954,19.23468532124174
2021/9/10,0.2148,22.471644257858973,26.47737389214703,76.25247851308507,22.937155506197385,-11.334793864801714,19.58821980804457,-4.769243815958729,-2.683752345437149,0.6621779159736517,-21.70810494211304,-4.532478132690069,43.09518857399426
2021/9/11,0.0129,22.517824639944408,26.24151378294096,83.3545295086199,11.12561160395369,-12.988676009040606,9.410705193276025,-2.8675474112369224,4.828905116116436,9.239849706264431,-18.566439603441488,-5.193807505639146,50.33219522076493
2021/9/12,0.1235,22.58448112203484,26.377986454140995,86.48000793819848,9.981571907165124,-15.693489597440998,8.529274063306888,-2.1276891653705845,8.918131321048685,25.515238360900423,-16.955543129550698,-6.2753948339167165,88.69311056272748
2021/9/13,0.117,23.47802641296052,26.06462363676969,84.19646755000315,15.99490198232581,-12.15807896131477,13.702331564443972,-3.3009263438881358,2.56226056798876,6.608491390054826,-13.421315307976318,-4.861673400754371,49.771982625155935
2021/9/14,0.1517,23.610101756379493,26.28877632386441,84.41898217511218,19.11873002278065,-11.658879540893963,16.410594546313245,-3.830619316867396,-1.1906609875963712,3.82848269393432,-13.158566491345924,-4.662063530782567,89.31488250014687
2021/9/15,0.1762,23.258350191412667,25.99226808105185,84.99900348348037,19.989324670613115,-10.481970914923284,17.1776306872439,-4.104666416156687,-2.695403472519078,3.936608313451561,-12.091672079898215,-4.191455449219959,75.11280393144702
2021/9/16,0.1852,22.95626362546925,25.438599481154668,86.62568791806677,19.594094169078087,-10.469195147644964,16.78683042492251,-3.719561862826885,-2.7576595714158163,7.116139180345881,-9.163926615344064,-4.186342232713413,55.98168842070517
2021/9/17,0.2328,23.016055318945995,25.387111892752277,85.40580671313967,20.814844227030022,-10.316116593072572,17.830990627459396,-3.9465114355371016,-2.9370191145716027,2.9356421362756424,-10.789018077710434,-4.125124214521263,48.30650388401708
2021/9/18,0.2289,22.168932667526303,25.59298342798639,81.83294529546257,22.06988185969121,-11.093275787270104,18.9183136748349,-4.532295834160911,-2.710540216106073,0.7832546873915694,-16.475038500538965,-4.435883104584912,29.02709951375473
2021/9/19,0.171,22.40929446244817,26.14131974394056,83.02132375379614,21.1932322465683,-10.466257226297042,18.170793454519597,-4.328524784708166,-2.750225724174487,0.9739301531635832,-15.63907990151804,-4.185163573263198,13.254929826660137
2021/9/20,0.2289,22.96626937089693,26.299047712387537,83.04213899744752,21.542768279619423,-10.71570646279216,18.4898911520131,-4.114484408670082,-2.9757339545656265,2.0081643508884435,-12.222517978279932,-4.2849175615263615,7.649413211689668
2021/9/21,0.1685,23.401805708680143,26.18818411175662,83.97391895458642,21.032489587400438,-10.262657198739692,18.092142145498972,-4.352000274638713,-2.937339347008081,2.7912812978640416,-11.655140385412558,-4.103751843595644,23.209601253550677
2021/9/22,0.2315,23.143568198389172,25.746061573018004,84.6162270679532,20.47058545252716,-10.386821980522113,17.586626953202586,-4.240608912247747,-2.884497099372935,2.51804374124436,-14.647942187578051,-4.153398729745706,17.371097555299926
2021/9/23,0.2263,22.408156076390373,25.41862988643305,81.29913557702005,19.736549632059518,-10.02855209374458,16.89902193496243,-4.073375634500912,-2.238803342216148,2.410615264768823,-16.942610263742516,-4.010127111445393,37.65920801622319
2021/9/24,0.2263,21.720271851163872,25.31506402353272,79.16142415322396,21.630283661287507,-11.390160983072134,18.59670180794899,-4.76504025136335,-2.299692091529627,0.5386385519848302,-19.970953249770236,-4.554599850728461,51.47116836219589
2021/9/25,0.1813,20.292903504317657,25.91960383271528,78.43908436153545,21.123502377155333,-11.082603628648004,18.17013974617836,-4.880331344662149,-2.3608424430199646,0.5233938749063992,-21.828542493695103,-4.4316342525283545,33.81649936616768
2021/9/26,0.2315,19.875349480593847,25.92316779270637,75.57650842327769,23.016239424173666,-11.716176011280556,19.47319288001093,-5.853784210593257,-2.5369275848046424,0.1594403187355803,-22.647796410309937,-4.68497571269128,36.1330136146611
2021/9/27,0.2083,21.296747327491776,26.17083803042659,80.35851005096126,21.74718074548696,-10.40337461618898,18.72325296093419,-4.866348140005256,-2.975516717241276,0.3422913076859454,-16.768974631173553,-4.160012235125207,34.56600900762908
2021/9/28,0.1852,21.813971003223934,26.356187364842967,80.58227685517215,20.920581657985363,-10.040524649509717,18.040568668901557,-4.690062161331319,-3.0437044339456536,0.3836001919335876,-15.242572911381371,-4.01491054041137,26.453979159601552
2021/9/29,0.2225,21.181752820428727,26.022152870038543,81.99316127644502,20.595998535897063,-9.235677317166056,17.814224142505875,-5.069121930686464,-3.613203817725253,0.1965043483606152,-12.53398140533346,-3.693095932758589,19.104423900827516
2021/9/30,0.1646,22.02122483321072,25.69241896271445,81.1811657133172,20.346254080280254,-8.892668961837348,17.547761441440286,-4.255376145248613,-3.5799742427417924,1.6429394084817817,-11.349898962636214,-3.555938609861067,10.926434882590218
2021/10/1,0.2225,22.35277671603744,25.316354929964128,82.00588897514574,19.78881683658814,-9.453366378729992,17.071928085365982,-4.250073020904479,-3.059486331319399,5.317215166144847,-10.728336643217595,-3.780144652385174,50.736443578039626
2021/10/2,0.198,22.221364943102994,25.43326146538977,81.64921914531845,18.888753008415325,-9.602459693808116,16.284081150029316,-4.293362334610762,-2.5564313040441418,1.6000808913287967,-16.76387230418774,-3.839731133302155,70.1790761506866
2021/10/3,0.1595,20.40877168166798,25.90093319661861,72.9872597889638,21.77295005940293,-12.012954029553566,18.714244725115748,-6.076107028090069,-1.9652792882708343,0.1599603091233275,-27.78314257649658,-4.803641880726999,39.97901256177724
2021/10/4,0.1595,20.424567267343,25.87389777608231,70.22913265529981,20.99866490287915,-11.3781707596307,18.139962709313146,-5.717712133558009,-1.341630751813347,0.621747719371565,-29.864810091136818,-4.54981019476181,38.2825488291639
2021/10/5,0.2019,19.110833489369877,25.02294913945586,64.46714261661013,22.282744247276163,-13.23137693555712,19.15821402984121,-6.1716023065672765,-0.5524614613740724,0.781360436317987,-36.62301658688122,-5.290840507854401,55.37102740030554
2021/10/6,0.1183,20.711420448835064,24.88650114552945,74.72792545484472,18.27676041300696,-10.249495460301569,15.808008224018678,-4.374167817384119,-1.8047020934665712,1.677419780191084,-23.38334088961713,-4.098478501464468,45.56019864237784
2021/10/7,0.0669,21.75638177893909,24.580259196023984,84.67020966153046,13.200741606144394,-9.285918489824148,11.426422080649548,-3.2527715457708277,0.152597096923273,3.701337465023861,-15.205288513335413,-3.713164667134256,69.21445223500078
2021/10/8,0.2045,21.62252298355869,24.84914304787883,80.43226502498325,15.935054226639624,-8.379500426774243,13.78604437690717,-3.683686186536002,-1.5614764313658145,3.540385756323392,-18.33182616232232,-3.3507277578843957,77.77775013875004
2021/10/9,0.0849,21.33662713014137,25.24552633872912,78.14224779181376,16.93603389473249,-8.617179797009298,14.6621077088976,-3.9561239110140014,-1.3122280724917357,2.4539678865567462,-22.412558250416037,-3.445764170604844,49.52864744457292
2021/10/10,0.1389,20.70222726560553,25.545717070695297,68.31122227793978,20.45941607058659,-11.718129892122793,17.467185314628104,-5.533608064863088,-0.6245043425354311,0.8044256043408863,-30.491858673123996,-4.68573481810266,31.19804993720152
2021/10/11,0.1492,21.269598069540624,25.024043726269507,84.35640918773478,3.101597141795537,-15.050693384873409,2.646121973583705,-2.352959488387249,9.153231219061148,25.135463563269564,-22.70976449111223,-6.0183447693060215,97.33098736495982
2021/10/12,0.1556,23.176398451373515,24.63617924850616,91.91848591654656,7.814199045288457,-17.165393693297602,6.783270873891396,-1.5347074166359136,14.40213793218676,47.59743824758917,-15.543843799071876,-6.863961932771497,99.07592985941264
2021/10/13,0.1337,22.745512564045104,24.4015700203078,91.32109962384592,5.77627162753338,-13.751435232896617,5.016307823309157,-1.301862082699253,9.166128743700025,51.24666885674748,-9.827409307511566,-5.498818258799364,82.02387697026803
2021/10/14,0.1749,22.776811556907823,24.11293425528868,92.29959598221733,4.3943541513589945,-13.661951803824104,3.8128422848971546,-1.3327743892427044,9.396710406173192,35.21842031308619,-8.675061140523173,-5.463030596632638,87.17675788810892
2021/10/15,0.1736,20.57272558859712,24.166573613484537,77.46464358319686,17.58685781072752,-13.26479944214096,14.980098805045891,-4.128566159483407,0.7930364730597432,1.6102771122599675,-23.08133510861496,-5.304224072531291,41.673745699519245
2021/10/16,0.1517,19.46647263902519,23.88342176039941,75.18978373023211,19.670327449250912,-12.016165950564137,17.07653534118023,-4.502768957838393,-0.0167209123427811,0.8449567437932343,-25.153887485274357,-4.804937102713671,68.77754646557027
2021/10/17,0.1556,19.100009318937524,22.01057876279032,77.008823818146,14.982994988360684,-12.449665452068142,13.01103825653936,-3.987397988740733,-0.2908549365212201,2.3614661318661194,-28.72042113760237,-4.978266646589793,92.65312642358045
2021/10/18,0.135,17.748781805676707,21.434862911122146,77.47256954670956,13.66978752218228,-10.087713424671945,11.86805483719937,-3.416085941970455,-0.5176080462683377,1.847018827898935,-22.249636285855157,-4.033793329811749,90.43983884396462
2021/10/19,0.0617,18.36569063534848,22.337139440047537,80.32490787463044,13.996857145703324,-8.7779136829981,12.162926947809032,-3.156717422482251,-0.9000777349720099,1.0794082294597798,-15.599206708438585,-3.510022688967842,49.19824798061346
2021/10/20,0.1016,19.992727889931004,23.307415387891417,84.77904926439267,12.718293910402728,-7.890825005158905,11.049506493027522,-2.587241043752135,-0.6479387889917083,3.897248012194733,-12.689765532050949,-3.155325140930694,84.60627627794872
2021/10/21,0.1878,20.62262643268328,24.0065024204704,84.8355346005552,16.413310799497886,-9.507977178336388,14.26493956216097,-3.5516845582560865,-0.5515313259101697,10.065445772120825,-12.4457965966657,-3.8019606822867855,95.13938535985449
2021/10/22,0.1389,19.734506405653764,20.92418160691014,82.14801875110521,12.131653737337723,-10.068802385762622,10.53600257326478,-2.585377235952918,0.4428973243532326,4.993777152648606,-18.803293031158265,-4.026239357980069,94.61045349642391
2021/10/23,0.0797,18.015941213665936,20.991097277914232,78.42195014142368,14.216883814744106,-10.633967886098556,12.352912411108113,-2.585857804697082,0.2753563570847008,2.683991699945683,-26.916991392276906,-4.252228032588988,96.8748209033671
2021/10/24,0.1402,18.058646893771627,21.588364184132796,82.29076742912171,13.72901209369056,-8.804565133763756,11.931518851411967,-3.0893526658087223,-0.1437904903532243,3.083347400507664,-19.05102609303382,-3.5206880763111603,81.64886052337964
2021/10/25,0.1067,17.91211998747174,21.06926957076285,84.37767971955623,14.706459004383625,-8.878404354249204,12.710093245492596,-3.644704411629149,-0.3612426387499008,1.4676362972935963,-18.62648138431421,-3.550231726322956,80.39651102928103
2021/10/26,0.1055,17.383524290804328,21.5811976535309,81.53412601880886,14.113194024425724,-8.690348674930338,12.279004003556365,-3.374130551757863,-0.3096931931904105,1.1172662305390733,-19.441453780970903,-3.475047087169455,63.50039567918657
2021/10/27,0.1093,16.612195226662873,21.684584310147976,84.38607372038834,13.838687111040894,-8.7493552337484,12.043898509014184,-3.059505581684552,-0.4900825985209502,3.3034833670958283,-15.825947007000206,-3.498632550163501,67.48989521246511
2021/10/28,0.1698,16.777122291353734,21.116879486894284,80.96518550019898,12.940210147892818,-9.135730328002392,11.284015176452762,-3.236966899227735,-0.4818229732137098,1.2027106456840562,-19.83582380077587,-3.653147905952385,71.35636274717176
2021/10/29,0.1325,15.28547677391385,20.600225991461663,79.38233198883859,12.281185916165008,-8.457186519610746,10.713978457253052,-3.319563136437142,-0.9297785317934796,1.586593431965304,-17.353553744731954,-3.3817831906907445,69.0103474878278
2021/10/30,0.1685,16.62493436955276,20.45777504203436,80.42283761005078,12.022723290972682,-7.573066026713223,10.504882315227878,-3.006111708830636,-0.9173136868155392,2.32094754161375,-15.12228516424415,-3.0282545819238536,90.78002628630736
2021/10/31,0.108,17.165635752444814,21.223831607887927,83.49104382271416,12.577547010292944,-7.851888893472839,10.968540541654058,-3.6513603205727336,-1.4837386261145995,2.329473022194177,-15.43406303697883,-3.1397593347511226,82.03262342017683
2021/11/1,0.1003,15.872733009504422,21.548371244012703,86.04858101378062,12.027649532806592,-7.564213258014701,10.47825855116491,-2.9217710823442737,0.0200599163928405,4.550795766212721,-14.366004620434264,-3.024723759140432,81.53469026077467
2021/11/2,0.0797,15.472967004225248,20.73859615269325,83.51521787240168,13.165047514505524,-7.955576022237289,11.474442503710192,-3.106119744892325,0.0010047419007612,3.7084555279472102,-15.374878950021362,-3.1812163150479265,78.65278248412709
2021/11/3,0.1067,16.301251129745577,20.62701038332223,83.9351916266137,12.770202543646722,-7.056296253195306,11.132204858674116,-2.9559432575121,-0.3326574943498004,3.024132186955969,-12.819517968800476,-2.821603772633461,84.26904038190962
2021/11/4,0.0694,17.10607321711967,21.40074604767388,87.59506361876136,11.869056306522946,-7.671141493932137,10.35273982370353,-2.5282801924422627,0.1032004711955578,8.307085290426794,-11.751393525335462,-3.067485306067458,74.56518579517152
2021/11/5,0.1865,18.22062787986149,22.39461845383232,86.04789864507876,12.764849806808831,-7.29940534661187,11.144308916873134,-3.4400304847931733,0.0695644247826674,4.65602659569161,-11.295078346772236,-2.9188231918555627,45.916210494896006
2021/11/6,0.1749,19.21964220240013,22.931966863984627,86.51849543217341,15.035337668519434,-6.750348327931578,13.127304931633674,-3.9140364803074905,-1.3612327049523016,5.731660490161955,-6.686124598004252,-2.699268483901389,61.85587601329623
2021/11/7,0.1337,18.14239829270421,23.016127526810507,85.69379646661947,14.25672256767773,-7.029375275349565,12.44811677324988,-3.663069719605833,-1.293475914424299,5.0057766456427935,-12.40939968178932,-2.8108494075532624,40.17235541633973
2021/11/8,0.1337,19.12115018562004,22.036111106302844,83.68657723660101,13.064168724839076,-8.39963435432039,11.400546873570145,-3.7452908580216975,-1.2198294989105234,3.775946129262701,-15.73159945037262,-3.35877825028114,81.76712806885259
2021/11/9,0.0579,15.652966907484274,18.674427242016435,79.49234672655976,11.34136177221675,-8.572594341326988,9.800837130485071,-2.9628829955081866,-1.62019120935728,0.9427471505268596,-20.634767442355027,-3.427936421338619,81.11742128739144
2021/11/10,0.018,14.602366444046629,18.69511191399461,79.70876832375173,10.240531755058845,-7.88078081477922,8.94470612383638,-4.76703311214441,-0.8949167947502108,1.3816886304400886,-18.285643425223697,-3.151313303369612,69.36310500072003
2021/11/11,0.0334,11.76645950255604,18.457040549616,70.06678302943118,16.43325179513931,-8.217694696005166,14.5502808857639,-7.171554463664499,-0.7173669463766821,0.2540762058259829,-23.07164388647322,-3.2860184820015945,55.64346696986689
2021/11/12,0.0347,12.988745363729032,18.243329449062934,69.03319544808872,10.520869500341202,-8.027124478293832,9.08109654277844,-4.762379768493695,0.0837828060088972,1.8684684406121936,-23.760691852443166,-3.209819610273411,91.09360770968178
2021/11/13,0.0386,13.956808021936055,19.00697298835125,84.37154749853093,8.580066286649426,-7.818128855067199,7.494318555548861,-2.350850554156968,0.1691091622412965,7.973454920131085,-15.135770305664092,-3.1262529310132128,85.06514025812263
2021/11/14,0.153,14.742332030609074,19.083224565523835,81.99311912525206,14.331104145777426,-7.3214076081248916,12.530497952397138,-4.074483306303567,-1.0686193351732718,0.8105598658623503,-16.838759913535462,-2.927629105076992,68.6239736879317
2021/11/15,0.1865,15.14901439791302,19.3954207479272,77.35691359588617,13.753408053610688,-7.249366136526126,12.015642875076388,-4.5023030732319285,-0.4395179781109557,0.4720957434805684,-22.19941940513244,-2.8988306672712745,68.92325266625191
2021/11/16,0.171,13.7814172655706,20.76152903810927,74.74404716408992,14.94548967314883,-7.848002051928628,13.066706486276336,-4.22393608158643,-0.0898473640554353,1.477301114121566,-22.61701280801092,-3.1381978482208703,63.79767344962653
2021/11/17,0.099,15.056659295912224,20.7936027646984,80.69398210688959,11.98260190714992,-6.24780520524034,10.484529551968077,-3.6783673163392185,-0.205368926118723,2.2857341378874607,-17.792395133314628,-2.49832407980671,54.46535200535749
2021/11/18,0.0502,16.726666550800754,20.62854057668305,84.59046636213567,13.922698309556328,-6.058017773232452,12.177602351078036,-3.644272463917546,-1.2598090347006077,2.3389223054663315,-9.840736570922326,-2.422435118606029,87.52611334443654
2021/11/19,0.1492,15.08411812028363,20.51678919364852,84.68390875388867,14.289581901189774,-6.56708540892507,12.504267156199084,-3.879393444091306,-1.1668481006069338,1.247777404719086,-10.921208964855758,-2.625991740499675,45.51722779250328
2021/11/20,0.054,15.42898726197546,20.40154987952277,82.14992322827162,13.179045574502831,-6.448748766999677,11.537922853102256,-3.980132955828649,-0.711542904801949,1.4620757677056797,-15.084044605273329,-2.5786746002316203,22.893123458607203
2021/11/21,0.1029,15.908785122274576,21.15902085217371,84.58624999729894,13.196200013712293,-5.280193431465674,11.568981104781155,-4.182248531071755,-1.3629243711540031,4.343045095251587,-11.104869318228264,-2.111389971420381,23.916563220100635
2021/11/22,0.1337,17.47579939714975,20.62618627316061,83.6358572759286,12.241236291980272,-7.712336292095564,10.719503083011697,-3.857367239405521,-0.0455755561571278,6.231264333385453,-14.499052151317404,-3.083969855927144,53.6940773238867
2021/11/23,0.1286,15.383883406095649,17.93499486578235,76.18421780010851,9.465379692975912,-7.686704816865193,8.285583548256914,-2.8726617037893707,-1.1229816092441791,1.6632917637414648,-23.44621070132203,-3.0736909485548347,84.66125404619908
2021/11/24,0.1055,15.90741716806213,18.533940820022348,76.5940613447361,11.085867331255928,-6.63758133469913,9.61410514959494,-3.1358895639289024,-1.347005612140204,0.6357859916964695,-20.160289292849534,-2.6541758745126844,61.92742098530712
2021/11/25,0.0322,18.098960037658237,19.332714369084307,87.32893415449897,9.014497468556474,-7.556155100230025,8.059885386892548,-3.084023242576623,-0.3232564260620476,2.0341983559533445,-12.2614928694629,-3.0214935249021466,84.37449082375079
2021/11/26,0.1119,19.00706080749917,20.321481141060527,87.35490406973275,8.3185421889334,-7.259600979017699,7.298061967496671,-2.463858086340708,1.7514342357504065,4.908841625272152,-13.875040196625733,-2.9029147467341128,93.86110899069564
2021/11/27,0.0502,16.277151041988137,19.16984512766623,81.02217941681428,8.187514237553886,-5.74122108407378,7.146853028410467,-3.143277581266121,1.149099072985532,1.933152094673798,-23.74593590972747,-2.295746335976036,96.09300022762436
2021/11/28,0.0334,15.568131401208223,19.06168965546233,85.1007415233048,4.566718873950093,-8.802366826986365,4.008290325083441,-1.8092142265107527,9.44267457177525,6.31893255778523,-18.35892820400516,-3.5198314716916013,92.75621912092151
2021/11/29,0.0489,15.221647665159864,19.673752295571504,87.02540611179272,7.156650038401974,-9.52818976886078,6.288525288758303,-2.275110377754701,3.3570152343594915,3.426181287818532,-15.91159768669651,-3.8100530052396895,91.14822316741854
2021/11/30,0.1582,16.97351584370295,20.264983698034523,84.32487717813991,13.803215705243415,-6.763025598309783,12.112875325379946,-4.117103344638395,-0.4058457310762309,3.663800777101497,-13.105587425949793,-2.704342752523602,64.66516868325239
2021/12/1,0.1325,11.895032771769284,16.23133222583445,73.98809096794425,12.972401003498629,-9.286870834411104,11.493355160990426,-5.943647798044403,-2.292827114441316,0.6613542626381955,-26.18849191739983,-3.713554909887951,61.50129937524325
2021/12/2,0.0682,11.51577100833228,15.862205350129411,75.01368073376898,11.067079303660751,-7.576138682342467,9.63137982613278,-4.859769534983038,-1.8907618192454048,0.588297912563091,-23.11618267896209,-3.029483234405116,71.79401070111335
2021/12/3,0.153,10.300634639643398,15.68898095427478,74.19505984046944,14.563225465382368,-5.853399030841718,12.941952635417325,-7.407421442093813,-1.512478029025464,0.6479612961822085,-21.0962977137807,-2.3406114483336538,48.93242438293079
2021/12/4,0.162,9.335947014042144,15.251517096955991,66.6574758027711,13.990003468649002,-8.568674891079944,12.385736614293474,-6.649593153416225,-0.3047202447294443,0.2351520396529504,-28.924856333234004,-3.426375278605544,47.21878945943924
2021/12/5,0.1299,10.748379017289007,15.9194292009859,72.69239186299875,11.623609316395765,-6.409716494898229,10.218749592878495,-5.083779661079331,0.2522054200206423,0.3787187724907803,-22.92908765392116,-2.5630577584503627,94.58990759202015
2021/12/6,0.0849,12.59103660334197,17.29930013543528,80.7833234157018,12.604910055258838,-5.6365482604549975,11.09711639172136,-4.9284113802125455,-0.4120964911945242,1.4862173312558309,-17.65314619429664,-2.2539009716169,87.80802802721266
2021/12/7,0.0682,13.866851543272052,17.800902257961557,80.88171354909923,12.085335248231589,-6.279002314942198,10.581850922069938,-5.211025996946511,-0.5053075287941429,1.6670573982196846,-20.145220074567582,-2.5107987409158525,71.26579135672
2021/12/8,0.2006,12.501224733170336,17.12228761316762,73.2831840756076,12.143984163644328,-6.964878249827786,10.68076645111515,-4.865797337381536,-0.1226545082048486,0.2379977260277867,-25.94019666766026,-2.78506725477941,87.96965996466346
2021/12/9,0.0514,12.99472261664981,17.341357611318465,78.02119662417414,10.21371924648769,-5.10546378600398,8.99416527738373,-4.234957111524887,0.1728285805967546,0.3995210987259737,-18.941522939086376,-2.0415272386701107,92.0721328232415
2021/12/10,0.1466,13.707512790430286,18.070002974863115,79.18487998105078,11.894585292876618,-5.213783661568019,10.403453315151332,-4.965620152857079,-1.4817686521219628,0.5536165838190027,-21.018517960119688,-2.084836925431153,92.9094497914898
2021/12/11,0.1517,13.282281269038643,18.55420021301884,77.4572365052136,12.403808297970834,-5.520479579380026,10.941684177148865,-4.996991976365813,-0.7360159513953812,0.3685673464483119,-20.6112285395467,-2.207488897643623,71.32439540094884
2021/12/12,0.0887,12.2490654086669,18.311956160295047,83.2932186257364,11.481045888373751,-4.899659721229819,10.111663675279356,-3.988680847849992,-1.6184179352534636,1.657245989171322,-14.37058460900331,-1.9592336351681976,78.51040991281452
2021/12/13,0.1247,14.869718491548456,18.073109856928063,79.78497019925153,10.680103634956566,-4.499257078100573,9.40051072539088,-3.5272495568468125,-1.2838814823735325,2.0957235222442407,-20.98062846058861,-1.7991300040702989,85.75678472011654
2021/12/14,0.0437,11.31588248568227,17.503868400141677,81.20015299323948,9.819146203334558,-5.298411116342763,8.658038379742674,-3.88393485574762,-0.7012708910259304,1.4175316152681643,-16.956997454766494,-2.1186959891821706,77.72836268514712
2021/12/15,0.1646,13.784843108324788,20.1580237255631,83.35186800947974,11.89385878830717,-5.723494588564787,10.48868742313126,-3.992807938501029,0.6838849641497919,2.4764686861161818,-18.926775031342736,-2.2886765981534545,57.9526522838564
2021/12/16,0.1813,14.76398722245614,20.54779042606372,79.10311946971382,15.071206464113628,-5.912591015672455,13.287411196438676,-5.601312014846716,-0.7479574849251049,0.2562706795163345,-19.87042335360644,-2.3642812933235184,42.16358452215648
2021/12/17,0.1042,15.857147413131912,18.995370361312958,79.79816794889416,12.636963729553033,-6.578694049884527,11.131007078410956,-4.579128605022705,-0.4066977638590936,2.237500101816945,-18.21311923919229,-2.630630426058972,70.28253754630255
2021/12/18,0.0502,12.3841443268102,15.785181723343516,66.17626574167429,9.172521194140163,-7.036462308299697,8.06362744357867,-3.115829625611936,-1.5642068724114786,0.9024513143089736,-26.1726773239488,-2.8136868768104035,83.01044460090043
2021/12/19,0.054,12.483864813592149,15.909463468616904,72.1435145582968,7.0229872165683,-6.000410068211277,6.194818835492421,-2.2220758507185865,0.2356624392035469,0.5385668413518437,-24.15386698485541,-2.39941071841169,85.10933195848865
2021/12/20,0.0412,14.80677255330803,17.971716740579552,81.85316730794105,5.050152372804237,-6.31775498206807,4.433268573181936,-2.0002145436771066,2.447689642158684,7.841198079657854,-15.742050871693865,-2.526301276394121,97.86819965828884
2021/12/21,0.0206,18.832549418292874,20.605597181172875,89.96708007184256,4.610327317262924,-5.328677713639637,4.068808365609328,-0.9291870524008852,3.73537311309588,14.594100064050464,-8.494383053044142,-2.1307747267006905,93.7228320411933
2021/12/22,0.0244,19.117844923809763,21.218325838070008,87.49066923458834,9.606456858303291,-5.103938679236044,8.46447232907824,-2.799040198307186,1.0133721051427305,1.723665424844638,-9.757525421699718,-2.040913586756132,91.42091162107948
2021/12/23,0.153,18.093415747238037,19.902435328104996,83.43686073334159,12.090882379523787,-5.389829417209008,10.644078830427851,-3.278569992180697,-0.2926579899350381,0.9641847683777244,-13.7351301315673,-2.1552347684113125,97.07110454703115
2021/12/24,0.1016,16.91524350781738,18.35051781086269,85.86629774261294,13.149989856879904,-5.201964463508018,11.58951590438211,-4.016024981717612,-1.1383103982702871,1.4622341323583798,-10.29319035397944,-2.080103154237249,87.3785086443934
2021/12/25,0.0617,16.26248527741505,18.491060932363915,82.15216835649093,8.768929695996999,-5.178718336464232,7.718935741706645,-2.620247696560969,-0.0101032544334964,3.3907457878825014,-20.08228361681695,-2.070823219542857,93.83245779035832
2021/12/26,0.1016,12.497197137447303,16.38439145213642,73.95163843748396,9.240685769605918,-7.185408240464319,8.136919591184425,-2.984529023630265,-1.2070705607373,1.810715042013622,-28.083607143585617,-2.873195450244512,97.33686847105147
2021/12/27,0.1556,12.472784275635249,15.895110894880403,80.21936250366383,5.488891440202147,-4.787430065256885,4.837162525957796,-2.5079004401889406,0.8162216680616723,3.322309813995319,-23.85682404464845,-1.914227445492605,96.31688218623528
2021/12/28,0.0772,14.504309069798015,17.57063201727023,82.54566568171185,10.358624508737554,-5.290076513478418,9.131632013213355,-3.332591124807419,0.5022672082198714,2.5888034473247976,-15.683903670497909,-2.115363113665968,54.29995073665665
2021/12/29,0.0489,14.301166155246024,19.14311942512125,83.75977913801091,11.273671099433368,-4.63213618066574,9.837618246962498,-3.5500904915894207,-0.9781834771707892,3.002552134634883,-6.511070980256143,-1.852156429325,62.07682348254766
2021/12/30,0.0347,15.051178843610948,17.318943386791624,79.22010538272123,9.060206761760776,-5.160292075597798,7.948662341772673,-3.31645799449214,-0.6826822683105473,1.281292070472055,-15.40457226838106,-2.063478601814533,75.11420028430331
2021/12/31,0.126,13.855331878939808,16.09908943674037,78.7736130310421,10.738627523277408,-4.510466239683897,9.496248850920551,-4.259113377087624,-1.9075277437150189,1.2538833290116398,-19.735590460513823,-1.8035996085733303,59.2135495681105
